CREATE DATABASE  IF NOT EXISTS `projecto_clinica` /*!40100 DEFAULT CHARACTER SET utf8 COLLATE utf8_unicode_ci */;
USE `projecto_clinica`;
-- MySQL dump 10.13  Distrib 5.5.34, for debian-linux-gnu (x86_64)
--
-- Host: 127.0.0.1    Database: projecto_clinica
-- ------------------------------------------------------
-- Server version	5.5.32

/*!40101 SET @OLD_CHARACTER_SET_CLIENT=@@CHARACTER_SET_CLIENT */;
/*!40101 SET @OLD_CHARACTER_SET_RESULTS=@@CHARACTER_SET_RESULTS */;
/*!40101 SET @OLD_COLLATION_CONNECTION=@@COLLATION_CONNECTION */;
/*!40101 SET NAMES utf8 */;
/*!40103 SET @OLD_TIME_ZONE=@@TIME_ZONE */;
/*!40103 SET TIME_ZONE='+00:00' */;
/*!40014 SET @OLD_UNIQUE_CHECKS=@@UNIQUE_CHECKS, UNIQUE_CHECKS=0 */;
/*!40014 SET @OLD_FOREIGN_KEY_CHECKS=@@FOREIGN_KEY_CHECKS, FOREIGN_KEY_CHECKS=0 */;
/*!40101 SET @OLD_SQL_MODE=@@SQL_MODE, SQL_MODE='NO_AUTO_VALUE_ON_ZERO' */;
/*!40111 SET @OLD_SQL_NOTES=@@SQL_NOTES, SQL_NOTES=0 */;

--
-- Table structure for table `acordos`
--

DROP TABLE IF EXISTS `acordos`;
/*!40101 SET @saved_cs_client     = @@character_set_client */;
/*!40101 SET character_set_client = utf8 */;
CREATE TABLE `acordos` (
  `id` int(10) unsigned NOT NULL AUTO_INCREMENT,
  `datetime_acordo` datetime NOT NULL,
  `instituicao` varchar(255) COLLATE utf8_unicode_ci NOT NULL,
  `foto_instituicao` varchar(45) COLLATE utf8_unicode_ci NOT NULL,
  PRIMARY KEY (`id`,`datetime_acordo`)
) ENGINE=InnoDB AUTO_INCREMENT=17 DEFAULT CHARSET=utf8 COLLATE=utf8_unicode_ci;
/*!40101 SET character_set_client = @saved_cs_client */;

--
-- Dumping data for table `acordos`
--

LOCK TABLES `acordos` WRITE;
/*!40000 ALTER TABLE `acordos` DISABLE KEYS */;
INSERT INTO `acordos` VALUES (1,'2013-10-26 23:36:59','apache','apache.png'),(2,'2013-10-26 23:37:28','android','android.png'),(3,'2013-10-26 23:37:57','archlinux','archlinux.png'),(4,'2013-10-26 23:38:08','aurasma','aurasma.jpg'),(5,'2013-10-26 23:38:21','cakephp','cakephp.png'),(6,'2013-10-26 23:38:35','firefox','firefox.png'),(7,'2013-10-26 23:38:48','github','github.png'),(8,'2013-10-26 23:38:59','gnome','gnome.png'),(9,'2013-10-26 23:39:09','gnu','gnu.jpg'),(10,'2013-10-26 23:39:22','koumbit','koumbit.png'),(11,'2013-10-26 23:39:31','linux mint','linuxmint.jpg'),(12,'2013-10-26 23:39:44','obc','logoobc.png'),(13,'2013-10-26 23:39:53','mysql','mysql.png'),(14,'2013-10-26 23:40:00','python','python.png'),(15,'2013-10-26 23:41:10','tor','tor.png'),(16,'2013-10-27 00:16:56','ubuntu','ubuntu.png');
/*!40000 ALTER TABLE `acordos` ENABLE KEYS */;
UNLOCK TABLES;

--
-- Table structure for table `administradores`
--

DROP TABLE IF EXISTS `administradores`;
/*!40101 SET @saved_cs_client     = @@character_set_client */;
/*!40101 SET character_set_client = utf8 */;
CREATE TABLE `administradores` (
  `id` int(10) unsigned NOT NULL,
  `username` varchar(255) COLLATE utf8_unicode_ci NOT NULL,
  `password` varchar(255) COLLATE utf8_unicode_ci NOT NULL,
  `datetime_ultimo_login` datetime NOT NULL,
  PRIMARY KEY (`id`,`username`)
) ENGINE=InnoDB DEFAULT CHARSET=utf8 COLLATE=utf8_unicode_ci;
/*!40101 SET character_set_client = @saved_cs_client */;

--
-- Dumping data for table `administradores`
--

LOCK TABLES `administradores` WRITE;
/*!40000 ALTER TABLE `administradores` DISABLE KEYS */;
INSERT INTO `administradores` VALUES (1,'admin','pass','2013-12-16 03:14:54'),(2,'super','root','2013-11-12 20:31:39');
/*!40000 ALTER TABLE `administradores` ENABLE KEYS */;
UNLOCK TABLES;

--
-- Table structure for table `consultas_marcadas`
--

DROP TABLE IF EXISTS `consultas_marcadas`;
/*!40101 SET @saved_cs_client     = @@character_set_client */;
/*!40101 SET character_set_client = utf8 */;
CREATE TABLE `consultas_marcadas` (
  `id` int(11) unsigned NOT NULL AUTO_INCREMENT,
  `datetime_confirmacao` datetime NOT NULL,
  `data_consulta` varchar(10) COLLATE utf8_unicode_ci NOT NULL,
  `hora_consulta` varchar(10) COLLATE utf8_unicode_ci NOT NULL,
  `medicos_id` int(10) unsigned NOT NULL,
  `utentes_email` varchar(255) COLLATE utf8_unicode_ci NOT NULL,
  PRIMARY KEY (`id`),
  KEY `fk_consultas_com_marcacao_confirmada_a_realizar_medicos1_idx` (`medicos_id`),
  KEY `fk_consultas_com_marcacao_confirmada_a_realizar_utentes1_idx` (`utentes_email`),
  CONSTRAINT `fk_consultas_com_marcacao_confirmada_a_realizar_medicos1` FOREIGN KEY (`medicos_id`) REFERENCES `medicos` (`id`) ON DELETE CASCADE ON UPDATE CASCADE,
  CONSTRAINT `fk_consultas_com_marcacao_confirmada_a_realizar_utentes1` FOREIGN KEY (`utentes_email`) REFERENCES `utentes` (`email`) ON DELETE CASCADE ON UPDATE CASCADE
) ENGINE=InnoDB AUTO_INCREMENT=1482 DEFAULT CHARSET=utf8 COLLATE=utf8_unicode_ci;
/*!40101 SET character_set_client = @saved_cs_client */;

--
-- Dumping data for table `consultas_marcadas`
--

LOCK TABLES `consultas_marcadas` WRITE;
/*!40000 ALTER TABLE `consultas_marcadas` DISABLE KEYS */;
INSERT INTO `consultas_marcadas` VALUES (51,'2013-12-15 20:24:45','12/17/2013','09:00',3,'saraantunes@gmail.com'),(52,'2013-12-15 20:25:21','12/17/2013','09:00',5,'filipesintra@gmail.com'),(54,'2013-12-15 20:36:28','12/17/2013','09:30',3,'xaviergarcia@gmail.com'),(55,'2013-12-15 20:37:28','12/17/2013','09:30',5,'joanapinto@gmail.com'),(56,'2013-12-15 20:39:44','12/17/2013','10:00',3,'josemarcelo@gmail.com'),(57,'2013-12-15 20:41:48','12/17/2013','10:00',5,'mariasilva@gmail.com'),(58,'2013-12-15 20:42:37','12/17/2013','10:30',3,'luisalopes@gmail.com'),(59,'2013-12-15 20:43:04','12/17/2013','10:30',5,'hermanpinto@gmail.com'),(60,'2013-12-15 21:13:52','12/17/2013','11:30',3,'ruinunes@gmail.com'),(61,'2013-12-15 21:14:37','12/17/2013','11:30',5,'soniafeliz@gmail.com'),(62,'2013-12-15 21:15:38','12/17/2013','12:00',3,'danielaoliveira@gmail.com'),(63,'2013-12-15 21:16:12','12/17/2013','12:00',5,'joaofaria@gmail.com'),(64,'2013-12-15 21:18:18','12/17/2013','12:30',3,'guilhermesousa@gmail.com'),(65,'2013-12-15 21:20:51','12/17/2013','12:30',5,'goncaloguilherme@gmail.com'),(66,'2013-12-15 21:24:34','12/17/2013','15:00',8,'kualafunky@gmail.com'),(67,'2013-12-15 21:25:17','12/17/2013','15:00',9,'filipaguilherme@gmail.com'),(68,'2013-12-15 21:27:00','12/17/2013','16:00',8,'renatasantos@gmail.com'),(70,'2013-12-15 21:41:50','12/17/2013','16:00',9,'denisepalma@gmail.com'),(71,'2013-12-15 21:42:53','12/17/2013','16:30',8,'claudiofonseca@gmail.com'),(72,'2013-12-15 21:44:43','12/17/2013','16:30',9,'franciscaguilherme@gmail.com'),(73,'2013-12-15 21:57:39','12/17/2013','17:00',8,'aldinamagalhaes@gmail.com'),(74,'2013-12-15 21:59:21','12/17/2013','17:00',9,'norbertodiolanda@gmail.com'),(75,'2013-12-15 22:01:11','12/17/2013','18:00',8,'marianarego@gmail.com'),(76,'2013-12-15 22:01:58','12/17/2013','18:00',9,'grazielaventura@gmail.com'),(77,'2013-12-15 22:04:47','12/17/2013','19:30',8,'mariacristovao@gmail.com'),(78,'2013-12-15 22:05:26','12/17/2013','19:30',9,'isabelventura@gmail.com'),(79,'2013-12-15 23:00:44','12/17/2013','09:00',7,'cristinafernandes@gmail.com'),(80,'2013-12-15 23:01:50','12/17/2013','09:00',18,'paulacristina@gmail.com'),(81,'2013-12-15 23:03:54','12/17/2013','09:30',7,'juliaguerra@gmail.com'),(82,'2013-12-15 23:04:54','12/17/2013','09:30',18,'isabelgorjao@gmail.com'),(83,'2013-12-15 23:06:18','12/17/2013','10:00',7,'madalenaroquete@gmail.com'),(84,'2013-12-15 23:07:26','12/17/2013','10:00',18,'luisacordovelo@gmail.com'),(85,'2013-12-15 23:08:14','12/17/2013','10:30',7,'anafaria@gmail.com'),(86,'2013-12-15 23:08:52','12/17/2013','10:30',18,'mariagrilo@gmail.com'),(87,'2013-12-15 23:09:38','12/17/2013','11:30',7,'emiliacordoval@gmail.com'),(88,'2013-12-15 23:10:13','12/17/2013','11:30',18,'ginasantos@gmail.com'),(89,'2013-12-15 23:14:25','12/17/2013','12:00',7,'helenalencastre@gmail.com'),(90,'2013-12-15 23:18:38','12/17/2013','12:00',18,'jacintafernandes@gmail.com'),(91,'2013-12-15 23:21:28','12/17/2013','12:30',7,'teresacarmona@gmail.com'),(92,'2013-12-15 23:22:21','12/17/2013','12:30',18,'lilianaalmeida@gmail.com'),(93,'2013-12-15 23:24:33','12/17/2013','15:00',4,'raquelcosta@gmail.com'),(94,'2013-12-15 23:25:22','12/17/2013','15:00',6,'alicemartins@gmail.com'),(95,'2013-12-15 23:26:59','12/17/2013','16:00',4,'elisabetesantos@gmail.com'),(96,'2013-12-15 23:28:37','12/17/2013','16:00',6,'sofiasimoes@gmail.com'),(97,'2013-12-15 23:29:37','12/17/2013','16:30',4,'manuelapintassilgo@gmail.com'),(98,'2013-12-15 23:30:49','12/17/2013','16:30',6,'rosaguimaraes@gmail.com'),(99,'2013-12-15 23:38:02','12/17/2013','17:00',4,'luisafarrajota@gmail.com'),(100,'2013-12-15 23:40:53','12/17/2013','17:00',6,'angelalino@gmail.com'),(101,'2013-12-15 23:43:12','12/17/2013','18:00',4,'cristinafragoso@gmail.com'),(102,'2013-12-15 23:43:46','12/17/2013','18:00',6,'soraiachaves@gmail.com'),(103,'2013-12-15 23:44:24','12/17/2013','19:30',4,'ritapereira@gmail.com'),(104,'2013-12-15 23:45:02','12/17/2013','19:30',6,'barbaraguimaraes@gmail.com'),(182,'2013-12-15 20:24:45','12/17/2013','09:00',10,'saraantunes@gmail.com'),(183,'2013-12-15 20:25:21','12/17/2013','09:00',16,'filipesintra@gmail.com'),(184,'2013-12-15 20:36:28','12/17/2013','09:30',10,'xaviergarcia@gmail.com'),(185,'2013-12-15 20:37:28','12/17/2013','09:30',16,'joanapinto@gmail.com'),(186,'2013-12-15 20:39:44','12/17/2013','10:00',10,'josemarcelo@gmail.com'),(187,'2013-12-15 20:41:48','12/17/2013','10:00',16,'mariasilva@gmail.com'),(188,'2013-12-15 20:42:37','12/17/2013','10:30',10,'luisalopes@gmail.com'),(189,'2013-12-15 20:43:04','12/17/2013','10:30',16,'hermanpinto@gmail.com'),(190,'2013-12-15 21:13:52','12/17/2013','11:30',10,'ruinunes@gmail.com'),(191,'2013-12-15 21:14:37','12/17/2013','11:30',16,'soniafeliz@gmail.com'),(192,'2013-12-15 21:15:38','12/17/2013','12:00',10,'danielaoliveira@gmail.com'),(193,'2013-12-15 21:16:12','12/17/2013','12:00',16,'joaofaria@gmail.com'),(194,'2013-12-15 21:18:18','12/17/2013','12:30',10,'guilhermesousa@gmail.com'),(195,'2013-12-15 21:20:51','12/17/2013','12:30',16,'goncaloguilherme@gmail.com'),(196,'2013-12-15 21:24:34','12/17/2013','15:00',1,'kualafunky@gmail.com'),(197,'2013-12-15 21:25:17','12/17/2013','15:00',13,'filipaguilherme@gmail.com'),(198,'2013-12-15 21:27:00','12/17/2013','16:00',1,'renatasantos@gmail.com'),(199,'2013-12-15 21:41:50','12/17/2013','16:00',13,'denisepalma@gmail.com'),(200,'2013-12-15 21:42:53','12/17/2013','16:30',1,'claudiofonseca@gmail.com'),(201,'2013-12-15 21:44:43','12/17/2013','16:30',13,'franciscaguilherme@gmail.com'),(202,'2013-12-15 21:57:39','12/17/2013','17:00',1,'aldinamagalhaes@gmail.com'),(203,'2013-12-15 21:59:21','12/17/2013','17:00',13,'norbertodiolanda@gmail.com'),(204,'2013-12-15 22:01:11','12/17/2013','18:00',1,'marianarego@gmail.com'),(205,'2013-12-15 22:01:58','12/17/2013','18:00',13,'grazielaventura@gmail.com'),(206,'2013-12-15 22:04:47','12/17/2013','19:30',1,'mariacristovao@gmail.com'),(207,'2013-12-15 22:05:26','12/17/2013','19:30',13,'isabelventura@gmail.com'),(208,'2013-12-15 23:00:44','12/17/2013','09:00',2,'cristinafernandes@gmail.com'),(209,'2013-12-15 23:01:50','12/17/2013','09:00',11,'paulacristina@gmail.com'),(210,'2013-12-15 23:03:54','12/17/2013','09:30',2,'juliaguerra@gmail.com'),(211,'2013-12-15 23:04:54','12/17/2013','09:30',11,'isabelgorjao@gmail.com'),(212,'2013-12-15 23:06:18','12/17/2013','10:00',2,'madalenaroquete@gmail.com'),(213,'2013-12-15 23:07:26','12/17/2013','10:00',11,'luisacordovelo@gmail.com'),(214,'2013-12-15 23:08:14','12/17/2013','10:30',2,'anafaria@gmail.com'),(215,'2013-12-15 23:08:52','12/17/2013','10:30',11,'mariagrilo@gmail.com'),(216,'2013-12-15 23:09:38','12/17/2013','11:30',2,'emiliacordoval@gmail.com'),(217,'2013-12-15 23:10:13','12/17/2013','11:30',11,'ginasantos@gmail.com'),(218,'2013-12-15 23:14:25','12/17/2013','12:00',2,'helenalencastre@gmail.com'),(219,'2013-12-15 23:18:38','12/17/2013','12:00',11,'jacintafernandes@gmail.com'),(220,'2013-12-15 23:21:28','12/17/2013','12:30',2,'teresacarmona@gmail.com'),(221,'2013-12-15 23:22:21','12/17/2013','12:30',11,'lilianaalmeida@gmail.com'),(222,'2013-12-15 23:24:33','12/17/2013','15:00',12,'raquelcosta@gmail.com'),(223,'2013-12-15 23:25:22','12/17/2013','15:00',14,'alicemartins@gmail.com'),(224,'2013-12-15 23:26:59','12/17/2013','16:00',12,'elisabetesantos@gmail.com'),(225,'2013-12-15 23:28:37','12/17/2013','16:00',14,'sofiasimoes@gmail.com'),(226,'2013-12-15 23:29:37','12/17/2013','16:30',12,'manuelapintassilgo@gmail.com'),(227,'2013-12-15 23:30:49','12/17/2013','16:30',14,'rosaguimaraes@gmail.com'),(228,'2013-12-15 23:38:02','12/17/2013','17:00',12,'luisafarrajota@gmail.com'),(229,'2013-12-15 23:40:53','12/17/2013','17:00',14,'angelalino@gmail.com'),(230,'2013-12-15 23:43:12','12/17/2013','18:00',12,'cristinafragoso@gmail.com'),(231,'2013-12-15 23:43:46','12/17/2013','18:00',14,'soraiachaves@gmail.com'),(232,'2013-12-15 23:44:24','12/17/2013','19:30',12,'ritapereira@gmail.com'),(233,'2013-12-15 23:45:02','12/17/2013','19:30',14,'barbaraguimaraes@gmail.com'),(234,'2013-12-15 20:24:45','12/17/2013','09:00',20,'saraantunes@gmail.com'),(235,'2013-12-15 20:25:21','12/17/2013','09:00',21,'filipesintra@gmail.com'),(236,'2013-12-15 20:36:28','12/17/2013','09:30',20,'xaviergarcia@gmail.com'),(237,'2013-12-15 20:37:28','12/17/2013','09:30',21,'joanapinto@gmail.com'),(238,'2013-12-15 20:39:44','12/17/2013','10:00',20,'josemarcelo@gmail.com'),(239,'2013-12-15 20:41:48','12/17/2013','10:00',21,'mariasilva@gmail.com'),(240,'2013-12-15 20:42:37','12/17/2013','10:30',20,'luisalopes@gmail.com'),(241,'2013-12-15 20:43:04','12/17/2013','10:30',21,'hermanpinto@gmail.com'),(242,'2013-12-15 21:13:52','12/17/2013','11:30',20,'ruinunes@gmail.com'),(243,'2013-12-15 21:14:37','12/17/2013','11:30',21,'soniafeliz@gmail.com'),(244,'2013-12-15 21:15:38','12/17/2013','12:00',20,'danielaoliveira@gmail.com'),(245,'2013-12-15 21:16:12','12/17/2013','12:00',21,'joaofaria@gmail.com'),(246,'2013-12-15 21:18:18','12/17/2013','12:30',20,'guilhermesousa@gmail.com'),(247,'2013-12-15 21:20:51','12/17/2013','12:30',21,'goncaloguilherme@gmail.com'),(248,'2013-12-15 21:24:34','12/17/2013','15:00',15,'kualafunky@gmail.com'),(249,'2013-12-15 21:25:17','12/17/2013','15:00',22,'filipaguilherme@gmail.com'),(250,'2013-12-15 21:27:00','12/17/2013','16:00',15,'renatasantos@gmail.com'),(251,'2013-12-15 21:41:50','12/17/2013','16:00',22,'denisepalma@gmail.com'),(252,'2013-12-15 21:42:53','12/17/2013','16:30',15,'claudiofonseca@gmail.com'),(253,'2013-12-15 21:44:43','12/17/2013','16:30',22,'franciscaguilherme@gmail.com'),(254,'2013-12-15 21:57:39','12/17/2013','17:00',15,'aldinamagalhaes@gmail.com'),(255,'2013-12-15 21:59:21','12/17/2013','17:00',22,'norbertodiolanda@gmail.com'),(256,'2013-12-15 22:01:11','12/17/2013','18:00',15,'marianarego@gmail.com'),(257,'2013-12-15 22:01:58','12/17/2013','18:00',22,'grazielaventura@gmail.com'),(258,'2013-12-15 22:04:47','12/17/2013','19:30',15,'mariacristovao@gmail.com'),(259,'2013-12-15 22:05:26','12/17/2013','19:30',22,'isabelventura@gmail.com'),(260,'2013-12-15 23:00:44','12/17/2013','09:00',17,'cristinafernandes@gmail.com'),(261,'2013-12-15 23:01:50','12/17/2013','09:00',23,'paulacristina@gmail.com'),(262,'2013-12-15 23:03:54','12/17/2013','09:30',17,'juliaguerra@gmail.com'),(263,'2013-12-15 23:04:54','12/17/2013','09:30',23,'isabelgorjao@gmail.com'),(264,'2013-12-15 23:06:18','12/17/2013','10:00',17,'madalenaroquete@gmail.com'),(265,'2013-12-15 23:07:26','12/17/2013','10:00',23,'luisacordovelo@gmail.com'),(266,'2013-12-15 23:08:14','12/17/2013','10:30',17,'anafaria@gmail.com'),(267,'2013-12-15 23:08:52','12/17/2013','10:30',23,'mariagrilo@gmail.com'),(268,'2013-12-15 23:09:38','12/17/2013','11:30',17,'emiliacordoval@gmail.com'),(269,'2013-12-15 23:10:13','12/17/2013','11:30',23,'ginasantos@gmail.com'),(270,'2013-12-15 23:14:25','12/17/2013','12:00',17,'helenalencastre@gmail.com'),(271,'2013-12-15 23:18:38','12/17/2013','12:00',23,'jacintafernandes@gmail.com'),(272,'2013-12-15 23:21:28','12/17/2013','12:30',17,'teresacarmona@gmail.com'),(273,'2013-12-15 23:22:21','12/17/2013','12:30',24,'lilianaalmeida@gmail.com'),(274,'2013-12-15 23:24:33','12/17/2013','15:00',24,'raquelcosta@gmail.com'),(275,'2013-12-15 23:25:22','12/17/2013','15:00',25,'alicemartins@gmail.com'),(276,'2013-12-15 23:26:59','12/17/2013','16:00',24,'elisabetesantos@gmail.com'),(277,'2013-12-15 23:28:37','12/17/2013','16:00',25,'sofiasimoes@gmail.com'),(278,'2013-12-15 23:29:37','12/17/2013','16:30',24,'manuelapintassilgo@gmail.com'),(279,'2013-12-15 23:30:49','12/17/2013','16:30',25,'rosaguimaraes@gmail.com'),(280,'2013-12-15 23:38:02','12/17/2013','17:00',24,'luisafarrajota@gmail.com'),(281,'2013-12-15 23:40:53','12/17/2013','17:00',25,'angelalino@gmail.com'),(282,'2013-12-15 23:43:12','12/17/2013','18:00',24,'cristinafragoso@gmail.com'),(283,'2013-12-15 23:43:46','12/17/2013','18:00',25,'soraiachaves@gmail.com'),(284,'2013-12-15 23:44:24','12/17/2013','19:30',24,'ritapereira@gmail.com'),(285,'2013-12-15 23:45:02','12/17/2013','19:30',25,'barbaraguimaraes@gmail.com'),(286,'2013-12-15 20:24:45','12/17/2013','09:00',26,'saraantunes@gmail.com'),(287,'2013-12-15 20:25:21','12/17/2013','09:00',29,'filipesintra@gmail.com'),(288,'2013-12-15 20:36:28','12/17/2013','09:30',26,'xaviergarcia@gmail.com'),(289,'2013-12-15 20:37:28','12/17/2013','09:30',29,'joanapinto@gmail.com'),(290,'2013-12-15 20:39:44','12/17/2013','10:00',26,'josemarcelo@gmail.com'),(291,'2013-12-15 20:41:48','12/17/2013','10:00',29,'mariasilva@gmail.com'),(292,'2013-12-15 20:42:37','12/17/2013','10:30',26,'luisalopes@gmail.com'),(293,'2013-12-15 20:43:04','12/17/2013','10:30',29,'hermanpinto@gmail.com'),(294,'2013-12-15 21:13:52','12/17/2013','11:30',26,'ruinunes@gmail.com'),(295,'2013-12-15 21:14:37','12/17/2013','11:30',29,'soniafeliz@gmail.com'),(296,'2013-12-15 21:15:38','12/17/2013','12:00',26,'danielaoliveira@gmail.com'),(297,'2013-12-15 21:16:12','12/17/2013','12:00',29,'joaofaria@gmail.com'),(298,'2013-12-15 21:18:18','12/17/2013','12:30',26,'guilhermesousa@gmail.com'),(299,'2013-12-15 21:20:51','12/17/2013','12:30',29,'goncaloguilherme@gmail.com'),(300,'2013-12-15 21:24:34','12/17/2013','15:00',27,'kualafunky@gmail.com'),(301,'2013-12-15 21:25:17','12/17/2013','15:00',28,'filipaguilherme@gmail.com'),(302,'2013-12-15 21:27:00','12/17/2013','16:00',27,'renatasantos@gmail.com'),(303,'2013-12-15 21:41:50','12/17/2013','16:00',28,'denisepalma@gmail.com'),(304,'2013-12-15 21:42:53','12/17/2013','16:30',27,'claudiofonseca@gmail.com'),(305,'2013-12-15 21:44:43','12/17/2013','16:30',28,'franciscaguilherme@gmail.com'),(306,'2013-12-15 21:57:39','12/17/2013','17:00',27,'aldinamagalhaes@gmail.com'),(307,'2013-12-15 21:59:21','12/17/2013','17:00',28,'norbertodiolanda@gmail.com'),(308,'2013-12-15 22:01:11','12/17/2013','18:00',27,'marianarego@gmail.com'),(309,'2013-12-15 22:01:58','12/17/2013','18:00',28,'grazielaventura@gmail.com'),(310,'2013-12-15 22:04:47','12/17/2013','19:30',27,'mariacristovao@gmail.com'),(311,'2013-12-15 22:05:26','12/17/2013','19:30',28,'isabelventura@gmail.com'),(312,'2013-12-15 23:00:44','12/17/2013','09:00',30,'cristinafernandes@gmail.com'),(313,'2013-12-15 23:01:50','12/17/2013','09:00',31,'paulacristina@gmail.com'),(314,'2013-12-15 23:03:54','12/17/2013','09:30',30,'juliaguerra@gmail.com'),(315,'2013-12-15 23:04:54','12/17/2013','09:30',31,'isabelgorjao@gmail.com'),(316,'2013-12-15 23:06:18','12/17/2013','10:00',30,'madalenaroquete@gmail.com'),(317,'2013-12-15 23:07:26','12/17/2013','10:00',31,'luisacordovelo@gmail.com'),(318,'2013-12-15 23:08:14','12/17/2013','10:30',30,'anafaria@gmail.com'),(319,'2013-12-15 23:08:52','12/17/2013','10:30',31,'mariagrilo@gmail.com'),(320,'2013-12-15 23:09:38','12/17/2013','11:30',30,'emiliacordoval@gmail.com'),(321,'2013-12-15 23:10:13','12/17/2013','11:30',31,'ginasantos@gmail.com'),(322,'2013-12-15 23:14:25','12/17/2013','12:00',30,'helenalencastre@gmail.com'),(323,'2013-12-15 23:18:38','12/17/2013','12:00',31,'jacintafernandes@gmail.com'),(324,'2013-12-15 23:21:28','12/17/2013','12:30',30,'teresacarmona@gmail.com'),(325,'2013-12-15 23:22:21','12/17/2013','12:30',31,'lilianaalmeida@gmail.com'),(326,'2013-12-15 23:24:33','12/17/2013','15:00',32,'raquelcosta@gmail.com'),(327,'2013-12-15 23:25:22','12/17/2013','15:00',33,'alicemartins@gmail.com'),(328,'2013-12-15 23:26:59','12/17/2013','16:00',32,'elisabetesantos@gmail.com'),(329,'2013-12-15 23:28:37','12/17/2013','16:00',33,'sofiasimoes@gmail.com'),(330,'2013-12-15 23:29:37','12/17/2013','16:30',32,'manuelapintassilgo@gmail.com'),(331,'2013-12-15 23:30:49','12/17/2013','16:30',33,'rosaguimaraes@gmail.com'),(332,'2013-12-15 23:38:02','12/17/2013','17:00',32,'luisafarrajota@gmail.com'),(333,'2013-12-15 23:40:53','12/17/2013','17:00',33,'angelalino@gmail.com'),(334,'2013-12-15 23:43:12','12/17/2013','18:00',32,'cristinafragoso@gmail.com'),(335,'2013-12-15 23:43:46','12/17/2013','18:00',33,'soraiachaves@gmail.com'),(336,'2013-12-15 23:44:24','12/17/2013','19:30',32,'ritapereira@gmail.com'),(337,'2013-12-15 23:45:02','12/17/2013','19:30',33,'barbaraguimaraes@gmail.com'),(338,'2013-12-15 20:24:45','12/17/2013','09:00',34,'saraantunes@gmail.com'),(339,'2013-12-15 20:25:21','12/17/2013','09:00',36,'filipesintra@gmail.com'),(340,'2013-12-15 20:36:28','12/17/2013','09:30',34,'xaviergarcia@gmail.com'),(341,'2013-12-15 20:37:28','12/17/2013','09:30',36,'joanapinto@gmail.com'),(342,'2013-12-15 20:39:44','12/17/2013','10:00',34,'josemarcelo@gmail.com'),(343,'2013-12-15 20:41:48','12/17/2013','10:00',36,'mariasilva@gmail.com'),(344,'2013-12-15 20:42:37','12/17/2013','10:30',34,'luisalopes@gmail.com'),(345,'2013-12-15 20:43:04','12/17/2013','10:30',36,'hermanpinto@gmail.com'),(346,'2013-12-15 21:13:52','12/17/2013','11:30',34,'ruinunes@gmail.com'),(347,'2013-12-15 21:14:37','12/17/2013','11:30',36,'soniafeliz@gmail.com'),(348,'2013-12-15 21:15:38','12/17/2013','12:00',34,'danielaoliveira@gmail.com'),(349,'2013-12-15 21:16:12','12/17/2013','12:00',36,'joaofaria@gmail.com'),(350,'2013-12-15 21:18:18','12/17/2013','12:30',34,'guilhermesousa@gmail.com'),(351,'2013-12-15 21:20:51','12/17/2013','12:30',36,'goncaloguilherme@gmail.com'),(352,'2013-12-15 21:24:34','12/17/2013','15:00',35,'kualafunky@gmail.com'),(353,'2013-12-15 21:25:17','12/17/2013','15:00',37,'filipaguilherme@gmail.com'),(354,'2013-12-15 21:27:00','12/17/2013','16:00',35,'renatasantos@gmail.com'),(355,'2013-12-15 21:41:50','12/17/2013','16:00',37,'denisepalma@gmail.com'),(356,'2013-12-15 21:42:53','12/17/2013','16:30',35,'claudiofonseca@gmail.com'),(357,'2013-12-15 21:44:43','12/17/2013','16:30',37,'franciscaguilherme@gmail.com'),(358,'2013-12-15 21:57:39','12/17/2013','17:00',35,'aldinamagalhaes@gmail.com'),(359,'2013-12-15 21:59:21','12/17/2013','17:00',37,'norbertodiolanda@gmail.com'),(360,'2013-12-15 22:01:11','12/17/2013','18:00',35,'marianarego@gmail.com'),(361,'2013-12-15 22:01:58','12/17/2013','18:00',37,'grazielaventura@gmail.com'),(362,'2013-12-15 22:04:47','12/17/2013','19:30',35,'mariacristovao@gmail.com'),(363,'2013-12-15 22:05:26','12/17/2013','19:30',37,'isabelventura@gmail.com'),(364,'2013-12-15 23:00:44','12/17/2013','09:00',38,'cristinafernandes@gmail.com'),(365,'2013-12-15 23:01:50','12/17/2013','09:00',40,'paulacristina@gmail.com'),(366,'2013-12-15 23:03:54','12/17/2013','09:30',38,'juliaguerra@gmail.com'),(367,'2013-12-15 23:04:54','12/17/2013','09:30',40,'isabelgorjao@gmail.com'),(368,'2013-12-15 23:06:18','12/17/2013','10:00',38,'madalenaroquete@gmail.com'),(369,'2013-12-15 23:07:26','12/17/2013','10:00',40,'luisacordovelo@gmail.com'),(370,'2013-12-15 23:08:14','12/17/2013','10:30',38,'anafaria@gmail.com'),(371,'2013-12-15 23:08:52','12/17/2013','10:30',40,'mariagrilo@gmail.com'),(372,'2013-12-15 23:09:38','12/17/2013','11:30',38,'emiliacordoval@gmail.com'),(373,'2013-12-15 23:10:13','12/17/2013','11:30',40,'ginasantos@gmail.com'),(374,'2013-12-15 23:14:25','12/17/2013','12:00',38,'helenalencastre@gmail.com'),(375,'2013-12-15 23:18:38','12/17/2013','12:00',40,'jacintafernandes@gmail.com'),(376,'2013-12-15 23:21:28','12/17/2013','12:30',38,'teresacarmona@gmail.com'),(377,'2013-12-15 23:22:21','12/17/2013','12:30',40,'lilianaalmeida@gmail.com'),(378,'2013-12-15 23:24:33','12/17/2013','15:00',39,'raquelcosta@gmail.com'),(379,'2013-12-15 23:25:22','12/17/2013','15:00',41,'alicemartins@gmail.com'),(380,'2013-12-15 23:26:59','12/17/2013','16:00',39,'elisabetesantos@gmail.com'),(381,'2013-12-15 23:28:37','12/17/2013','16:00',41,'sofiasimoes@gmail.com'),(382,'2013-12-15 23:29:37','12/17/2013','16:30',39,'manuelapintassilgo@gmail.com'),(383,'2013-12-15 23:30:49','12/17/2013','16:30',41,'rosaguimaraes@gmail.com'),(384,'2013-12-15 23:38:02','12/17/2013','17:00',39,'luisafarrajota@gmail.com'),(385,'2013-12-15 23:40:53','12/17/2013','17:00',41,'angelalino@gmail.com'),(386,'2013-12-15 23:43:12','12/17/2013','18:00',39,'cristinafragoso@gmail.com'),(387,'2013-12-15 23:43:46','12/17/2013','18:00',41,'soraiachaves@gmail.com'),(388,'2013-12-15 23:44:24','12/17/2013','19:30',39,'ritapereira@gmail.com'),(389,'2013-12-15 23:45:02','12/17/2013','19:30',41,'barbaraguimaraes@gmail.com'),(390,'2013-12-15 20:24:45','12/17/2013','09:00',42,'saraantunes@gmail.com'),(391,'2013-12-15 20:25:21','12/17/2013','09:00',44,'filipesintra@gmail.com'),(392,'2013-12-15 20:36:28','12/17/2013','09:30',42,'xaviergarcia@gmail.com'),(393,'2013-12-15 20:37:28','12/17/2013','09:30',44,'joanapinto@gmail.com'),(394,'2013-12-15 20:39:44','12/17/2013','10:00',42,'josemarcelo@gmail.com'),(395,'2013-12-15 20:41:48','12/17/2013','10:00',44,'mariasilva@gmail.com'),(396,'2013-12-15 20:42:37','12/17/2013','10:30',42,'luisalopes@gmail.com'),(397,'2013-12-15 20:43:04','12/17/2013','10:30',44,'hermanpinto@gmail.com'),(398,'2013-12-15 21:13:52','12/17/2013','11:30',42,'ruinunes@gmail.com'),(399,'2013-12-15 21:14:37','12/17/2013','11:30',44,'soniafeliz@gmail.com'),(400,'2013-12-15 21:15:38','12/17/2013','12:00',42,'danielaoliveira@gmail.com'),(401,'2013-12-15 21:16:12','12/17/2013','12:00',44,'joaofaria@gmail.com'),(402,'2013-12-15 21:18:18','12/17/2013','12:30',42,'guilhermesousa@gmail.com'),(403,'2013-12-15 21:20:51','12/17/2013','12:30',44,'goncaloguilherme@gmail.com'),(404,'2013-12-15 21:24:34','12/17/2013','15:00',43,'kualafunky@gmail.com'),(405,'2013-12-15 21:25:17','12/17/2013','15:00',45,'filipaguilherme@gmail.com'),(406,'2013-12-15 21:27:00','12/17/2013','16:00',43,'renatasantos@gmail.com'),(407,'2013-12-15 21:41:50','12/17/2013','16:00',45,'denisepalma@gmail.com'),(408,'2013-12-15 21:42:53','12/17/2013','16:30',43,'claudiofonseca@gmail.com'),(409,'2013-12-15 21:44:43','12/17/2013','16:30',45,'franciscaguilherme@gmail.com'),(410,'2013-12-15 21:57:39','12/17/2013','17:00',43,'aldinamagalhaes@gmail.com'),(411,'2013-12-15 21:59:21','12/17/2013','17:00',45,'norbertodiolanda@gmail.com'),(412,'2013-12-15 22:01:11','12/17/2013','18:00',43,'marianarego@gmail.com'),(413,'2013-12-15 22:01:58','12/17/2013','18:00',45,'grazielaventura@gmail.com'),(414,'2013-12-15 22:04:47','12/17/2013','19:30',43,'mariacristovao@gmail.com'),(415,'2013-12-15 22:05:26','12/17/2013','19:30',45,'isabelventura@gmail.com'),(416,'2013-12-15 23:00:44','12/17/2013','09:00',46,'cristinafernandes@gmail.com'),(417,'2013-12-15 23:01:50','12/17/2013','09:00',48,'paulacristina@gmail.com'),(418,'2013-12-15 23:03:54','12/17/2013','09:30',46,'juliaguerra@gmail.com'),(419,'2013-12-15 23:04:54','12/17/2013','09:30',48,'isabelgorjao@gmail.com'),(420,'2013-12-15 23:06:18','12/17/2013','10:00',46,'madalenaroquete@gmail.com'),(421,'2013-12-15 23:07:26','12/17/2013','10:00',48,'luisacordovelo@gmail.com'),(422,'2013-12-15 23:08:14','12/17/2013','10:30',46,'anafaria@gmail.com'),(423,'2013-12-15 23:08:52','12/17/2013','10:30',48,'mariagrilo@gmail.com'),(424,'2013-12-15 23:09:38','12/17/2013','11:30',46,'emiliacordoval@gmail.com'),(425,'2013-12-15 23:10:13','12/17/2013','11:30',48,'ginasantos@gmail.com'),(426,'2013-12-15 23:14:25','12/17/2013','12:00',46,'helenalencastre@gmail.com'),(427,'2013-12-15 23:18:38','12/17/2013','12:00',48,'jacintafernandes@gmail.com'),(428,'2013-12-15 23:21:28','12/17/2013','12:30',46,'teresacarmona@gmail.com'),(429,'2013-12-15 23:22:21','12/17/2013','12:30',48,'lilianaalmeida@gmail.com'),(430,'2013-12-15 23:24:33','12/17/2013','15:00',47,'raquelcosta@gmail.com'),(431,'2013-12-15 23:25:22','12/17/2013','15:00',53,'alicemartins@gmail.com'),(432,'2013-12-15 23:26:59','12/17/2013','16:00',47,'elisabetesantos@gmail.com'),(433,'2013-12-15 23:28:37','12/17/2013','16:00',53,'sofiasimoes@gmail.com'),(434,'2013-12-15 23:29:37','12/17/2013','16:30',47,'manuelapintassilgo@gmail.com'),(435,'2013-12-15 23:30:49','12/17/2013','16:30',53,'rosaguimaraes@gmail.com'),(436,'2013-12-15 23:38:02','12/17/2013','17:00',47,'luisafarrajota@gmail.com'),(437,'2013-12-15 23:40:53','12/17/2013','17:00',53,'angelalino@gmail.com'),(438,'2013-12-15 23:43:12','12/17/2013','18:00',47,'cristinafragoso@gmail.com'),(439,'2013-12-15 23:43:46','12/17/2013','18:00',53,'soraiachaves@gmail.com'),(440,'2013-12-15 23:44:24','12/17/2013','19:30',47,'ritapereira@gmail.com'),(441,'2013-12-15 23:45:02','12/17/2013','19:30',53,'barbaraguimaraes@gmail.com'),(442,'2013-12-15 20:24:45','12/17/2013','09:00',49,'saraantunes@gmail.com'),(443,'2013-12-15 20:25:21','12/17/2013','09:00',51,'filipesintra@gmail.com'),(444,'2013-12-15 20:36:28','12/17/2013','09:30',49,'xaviergarcia@gmail.com'),(445,'2013-12-15 20:37:28','12/17/2013','09:30',51,'joanapinto@gmail.com'),(446,'2013-12-15 20:39:44','12/17/2013','10:00',49,'josemarcelo@gmail.com'),(447,'2013-12-15 20:41:48','12/17/2013','10:00',51,'mariasilva@gmail.com'),(448,'2013-12-15 20:42:37','12/17/2013','10:30',49,'luisalopes@gmail.com'),(449,'2013-12-15 20:43:04','12/17/2013','10:30',51,'hermanpinto@gmail.com'),(450,'2013-12-15 21:13:52','12/17/2013','11:30',49,'ruinunes@gmail.com'),(451,'2013-12-15 21:14:37','12/17/2013','11:30',51,'soniafeliz@gmail.com'),(452,'2013-12-15 21:15:38','12/17/2013','12:00',49,'danielaoliveira@gmail.com'),(453,'2013-12-15 21:16:12','12/17/2013','12:00',51,'joaofaria@gmail.com'),(454,'2013-12-15 21:18:18','12/17/2013','12:30',49,'guilhermesousa@gmail.com'),(455,'2013-12-15 21:20:51','12/17/2013','12:30',51,'goncaloguilherme@gmail.com'),(456,'2013-12-15 21:24:34','12/17/2013','15:00',50,'kualafunky@gmail.com'),(457,'2013-12-15 21:25:17','12/17/2013','15:00',52,'filipaguilherme@gmail.com'),(458,'2013-12-15 21:27:00','12/17/2013','16:00',50,'renatasantos@gmail.com'),(459,'2013-12-15 21:41:50','12/17/2013','16:00',52,'denisepalma@gmail.com'),(460,'2013-12-15 21:42:53','12/17/2013','16:30',50,'claudiofonseca@gmail.com'),(461,'2013-12-15 21:44:43','12/17/2013','16:30',52,'franciscaguilherme@gmail.com'),(462,'2013-12-15 21:57:39','12/17/2013','17:00',50,'aldinamagalhaes@gmail.com'),(463,'2013-12-15 21:59:21','12/17/2013','17:00',52,'norbertodiolanda@gmail.com'),(464,'2013-12-15 22:01:11','12/17/2013','18:00',50,'marianarego@gmail.com'),(465,'2013-12-15 22:01:58','12/17/2013','18:00',52,'grazielaventura@gmail.com'),(466,'2013-12-15 22:04:47','12/17/2013','19:30',50,'mariacristovao@gmail.com'),(467,'2013-12-15 22:05:26','12/17/2013','19:30',52,'isabelventura@gmail.com'),(468,'2013-12-15 20:24:45','12/18/2013','09:00',3,'saraantunes@gmail.com'),(469,'2013-12-15 20:25:21','12/18/2013','09:00',5,'filipesintra@gmail.com'),(470,'2013-12-15 20:36:28','12/18/2013','09:30',3,'xaviergarcia@gmail.com'),(471,'2013-12-15 20:37:28','12/18/2013','09:30',5,'joanapinto@gmail.com'),(472,'2013-12-15 20:39:44','12/18/2013','10:00',3,'josemarcelo@gmail.com'),(473,'2013-12-15 20:41:48','12/18/2013','10:00',5,'mariasilva@gmail.com'),(474,'2013-12-15 20:42:37','12/18/2013','10:30',3,'luisalopes@gmail.com'),(475,'2013-12-15 20:43:04','12/18/2013','10:30',5,'hermanpinto@gmail.com'),(476,'2013-12-15 21:13:52','12/18/2013','11:30',3,'ruinunes@gmail.com'),(477,'2013-12-15 21:14:37','12/18/2013','11:30',5,'soniafeliz@gmail.com'),(478,'2013-12-15 21:15:38','12/18/2013','12:00',3,'danielaoliveira@gmail.com'),(479,'2013-12-15 21:16:12','12/18/2013','12:00',5,'joaofaria@gmail.com'),(480,'2013-12-15 21:18:18','12/18/2013','12:30',3,'guilhermesousa@gmail.com'),(481,'2013-12-15 21:20:51','12/18/2013','12:30',5,'goncaloguilherme@gmail.com'),(482,'2013-12-15 21:24:34','12/18/2013','15:00',8,'kualafunky@gmail.com'),(483,'2013-12-15 21:25:17','12/18/2013','15:00',9,'filipaguilherme@gmail.com'),(484,'2013-12-15 21:27:00','12/18/2013','16:00',8,'renatasantos@gmail.com'),(485,'2013-12-15 21:41:50','12/18/2013','16:00',9,'denisepalma@gmail.com'),(486,'2013-12-15 21:42:53','12/18/2013','16:30',8,'claudiofonseca@gmail.com'),(487,'2013-12-15 21:44:43','12/18/2013','16:30',9,'franciscaguilherme@gmail.com'),(488,'2013-12-15 21:57:39','12/18/2013','17:00',8,'aldinamagalhaes@gmail.com'),(489,'2013-12-15 21:59:21','12/18/2013','17:00',9,'norbertodiolanda@gmail.com'),(490,'2013-12-15 22:01:11','12/18/2013','18:00',8,'marianarego@gmail.com'),(491,'2013-12-15 22:01:58','12/18/2013','18:00',9,'grazielaventura@gmail.com'),(492,'2013-12-15 22:04:47','12/18/2013','19:30',8,'mariacristovao@gmail.com'),(493,'2013-12-15 22:05:26','12/18/2013','19:30',9,'isabelventura@gmail.com'),(494,'2013-12-15 23:00:44','12/18/2013','09:00',7,'cristinafernandes@gmail.com'),(495,'2013-12-15 23:01:50','12/18/2013','09:00',18,'paulacristina@gmail.com'),(496,'2013-12-15 23:03:54','12/18/2013','09:30',7,'juliaguerra@gmail.com'),(497,'2013-12-15 23:04:54','12/18/2013','09:30',18,'isabelgorjao@gmail.com'),(498,'2013-12-15 23:06:18','12/18/2013','10:00',7,'madalenaroquete@gmail.com'),(499,'2013-12-15 23:07:26','12/18/2013','10:00',18,'luisacordovelo@gmail.com'),(500,'2013-12-15 23:08:14','12/18/2013','10:30',7,'anafaria@gmail.com'),(501,'2013-12-15 23:08:52','12/18/2013','10:30',18,'mariagrilo@gmail.com'),(502,'2013-12-15 23:09:38','12/18/2013','11:30',7,'emiliacordoval@gmail.com'),(503,'2013-12-15 23:10:13','12/18/2013','11:30',18,'ginasantos@gmail.com'),(504,'2013-12-15 23:14:25','12/18/2013','12:00',7,'helenalencastre@gmail.com'),(505,'2013-12-15 23:18:38','12/18/2013','12:00',18,'jacintafernandes@gmail.com'),(506,'2013-12-15 23:21:28','12/18/2013','12:30',7,'teresacarmona@gmail.com'),(507,'2013-12-15 23:22:21','12/18/2013','12:30',18,'lilianaalmeida@gmail.com'),(508,'2013-12-15 23:24:33','12/18/2013','15:00',4,'raquelcosta@gmail.com'),(509,'2013-12-15 23:25:22','12/18/2013','15:00',6,'alicemartins@gmail.com'),(510,'2013-12-15 23:26:59','12/18/2013','16:00',4,'elisabetesantos@gmail.com'),(511,'2013-12-15 23:28:37','12/18/2013','16:00',6,'sofiasimoes@gmail.com'),(512,'2013-12-15 23:29:37','12/18/2013','16:30',4,'manuelapintassilgo@gmail.com'),(513,'2013-12-15 23:30:49','12/18/2013','16:30',6,'rosaguimaraes@gmail.com'),(514,'2013-12-15 23:38:02','12/18/2013','17:00',4,'luisafarrajota@gmail.com'),(515,'2013-12-15 23:40:53','12/18/2013','17:00',6,'angelalino@gmail.com'),(516,'2013-12-15 23:43:12','12/18/2013','18:00',4,'cristinafragoso@gmail.com'),(517,'2013-12-15 23:43:46','12/18/2013','18:00',6,'soraiachaves@gmail.com'),(518,'2013-12-15 23:44:24','12/18/2013','19:30',4,'ritapereira@gmail.com'),(519,'2013-12-15 23:45:02','12/18/2013','19:30',6,'barbaraguimaraes@gmail.com'),(520,'2013-12-15 20:24:45','12/18/2013','09:00',10,'saraantunes@gmail.com'),(521,'2013-12-15 20:25:21','12/18/2013','09:00',16,'filipesintra@gmail.com'),(522,'2013-12-15 20:36:28','12/18/2013','09:30',10,'xaviergarcia@gmail.com'),(523,'2013-12-15 20:37:28','12/18/2013','09:30',16,'joanapinto@gmail.com'),(524,'2013-12-15 20:39:44','12/18/2013','10:00',10,'josemarcelo@gmail.com'),(525,'2013-12-15 20:41:48','12/18/2013','10:00',16,'mariasilva@gmail.com'),(526,'2013-12-15 20:42:37','12/18/2013','10:30',10,'luisalopes@gmail.com'),(527,'2013-12-15 20:43:04','12/18/2013','10:30',16,'hermanpinto@gmail.com'),(528,'2013-12-15 21:13:52','12/18/2013','11:30',10,'ruinunes@gmail.com'),(529,'2013-12-15 21:14:37','12/18/2013','11:30',16,'soniafeliz@gmail.com'),(530,'2013-12-15 21:15:38','12/18/2013','12:00',10,'danielaoliveira@gmail.com'),(531,'2013-12-15 21:16:12','12/18/2013','12:00',16,'joaofaria@gmail.com'),(532,'2013-12-15 21:18:18','12/18/2013','12:30',10,'guilhermesousa@gmail.com'),(533,'2013-12-15 21:20:51','12/18/2013','12:30',16,'goncaloguilherme@gmail.com'),(534,'2013-12-15 21:24:34','12/18/2013','15:00',1,'kualafunky@gmail.com'),(535,'2013-12-15 21:25:17','12/18/2013','15:00',13,'filipaguilherme@gmail.com'),(536,'2013-12-15 21:27:00','12/18/2013','16:00',1,'renatasantos@gmail.com'),(537,'2013-12-15 21:41:50','12/18/2013','16:00',13,'denisepalma@gmail.com'),(538,'2013-12-15 21:42:53','12/18/2013','16:30',1,'claudiofonseca@gmail.com'),(539,'2013-12-15 21:44:43','12/18/2013','16:30',13,'franciscaguilherme@gmail.com'),(540,'2013-12-15 21:57:39','12/18/2013','17:00',1,'aldinamagalhaes@gmail.com'),(541,'2013-12-15 21:59:21','12/18/2013','17:00',13,'norbertodiolanda@gmail.com'),(542,'2013-12-15 22:01:11','12/18/2013','18:00',1,'marianarego@gmail.com'),(543,'2013-12-15 22:01:58','12/18/2013','18:00',13,'grazielaventura@gmail.com'),(544,'2013-12-15 22:04:47','12/18/2013','19:30',1,'mariacristovao@gmail.com'),(545,'2013-12-15 22:05:26','12/18/2013','19:30',13,'isabelventura@gmail.com'),(546,'2013-12-15 23:00:44','12/18/2013','09:00',2,'cristinafernandes@gmail.com'),(547,'2013-12-15 23:01:50','12/18/2013','09:00',11,'paulacristina@gmail.com'),(548,'2013-12-15 23:03:54','12/18/2013','09:30',2,'juliaguerra@gmail.com'),(549,'2013-12-15 23:04:54','12/18/2013','09:30',11,'isabelgorjao@gmail.com'),(550,'2013-12-15 23:06:18','12/18/2013','10:00',2,'madalenaroquete@gmail.com'),(551,'2013-12-15 23:07:26','12/18/2013','10:00',11,'luisacordovelo@gmail.com'),(552,'2013-12-15 23:08:14','12/18/2013','10:30',2,'anafaria@gmail.com'),(553,'2013-12-15 23:08:52','12/18/2013','10:30',11,'mariagrilo@gmail.com'),(554,'2013-12-15 23:09:38','12/18/2013','11:30',2,'emiliacordoval@gmail.com'),(555,'2013-12-15 23:10:13','12/18/2013','11:30',11,'ginasantos@gmail.com'),(556,'2013-12-15 23:14:25','12/18/2013','12:00',2,'helenalencastre@gmail.com'),(557,'2013-12-15 23:18:38','12/18/2013','12:00',11,'jacintafernandes@gmail.com'),(558,'2013-12-15 23:21:28','12/18/2013','12:30',2,'teresacarmona@gmail.com'),(559,'2013-12-15 23:22:21','12/18/2013','12:30',11,'lilianaalmeida@gmail.com'),(560,'2013-12-15 23:24:33','12/18/2013','15:00',12,'raquelcosta@gmail.com'),(561,'2013-12-15 23:25:22','12/18/2013','15:00',14,'alicemartins@gmail.com'),(562,'2013-12-15 23:26:59','12/18/2013','16:00',12,'elisabetesantos@gmail.com'),(563,'2013-12-15 23:28:37','12/18/2013','16:00',14,'sofiasimoes@gmail.com'),(564,'2013-12-15 23:29:37','12/18/2013','16:30',12,'manuelapintassilgo@gmail.com'),(565,'2013-12-15 23:30:49','12/18/2013','16:30',14,'rosaguimaraes@gmail.com'),(566,'2013-12-15 23:38:02','12/18/2013','17:00',12,'luisafarrajota@gmail.com'),(567,'2013-12-15 23:40:53','12/18/2013','17:00',14,'angelalino@gmail.com'),(568,'2013-12-15 23:43:12','12/18/2013','18:00',12,'cristinafragoso@gmail.com'),(569,'2013-12-15 23:43:46','12/18/2013','18:00',14,'soraiachaves@gmail.com'),(570,'2013-12-15 23:44:24','12/18/2013','19:30',12,'ritapereira@gmail.com'),(571,'2013-12-15 23:45:02','12/18/2013','19:30',14,'barbaraguimaraes@gmail.com'),(572,'2013-12-15 20:24:45','12/18/2013','09:00',20,'saraantunes@gmail.com'),(573,'2013-12-15 20:25:21','12/18/2013','09:00',21,'filipesintra@gmail.com'),(574,'2013-12-15 20:36:28','12/18/2013','09:30',20,'xaviergarcia@gmail.com'),(575,'2013-12-15 20:37:28','12/18/2013','09:30',21,'joanapinto@gmail.com'),(576,'2013-12-15 20:39:44','12/18/2013','10:00',20,'josemarcelo@gmail.com'),(577,'2013-12-15 20:41:48','12/18/2013','10:00',21,'mariasilva@gmail.com'),(578,'2013-12-15 20:42:37','12/18/2013','10:30',20,'luisalopes@gmail.com'),(579,'2013-12-15 20:43:04','12/18/2013','10:30',21,'hermanpinto@gmail.com'),(580,'2013-12-15 21:13:52','12/18/2013','11:30',20,'ruinunes@gmail.com'),(581,'2013-12-15 21:14:37','12/18/2013','11:30',21,'soniafeliz@gmail.com'),(582,'2013-12-15 21:15:38','12/18/2013','12:00',20,'danielaoliveira@gmail.com'),(583,'2013-12-15 21:16:12','12/18/2013','12:00',21,'joaofaria@gmail.com'),(584,'2013-12-15 21:18:18','12/18/2013','12:30',20,'guilhermesousa@gmail.com'),(585,'2013-12-15 21:20:51','12/18/2013','12:30',21,'goncaloguilherme@gmail.com'),(586,'2013-12-15 21:24:34','12/18/2013','15:00',15,'kualafunky@gmail.com'),(587,'2013-12-15 21:25:17','12/18/2013','15:00',22,'filipaguilherme@gmail.com'),(588,'2013-12-15 21:27:00','12/18/2013','16:00',15,'renatasantos@gmail.com'),(589,'2013-12-15 21:41:50','12/18/2013','16:00',22,'denisepalma@gmail.com'),(590,'2013-12-15 21:42:53','12/18/2013','16:30',15,'claudiofonseca@gmail.com'),(591,'2013-12-15 21:44:43','12/18/2013','16:30',22,'franciscaguilherme@gmail.com'),(592,'2013-12-15 21:57:39','12/18/2013','17:00',15,'aldinamagalhaes@gmail.com'),(593,'2013-12-15 21:59:21','12/18/2013','17:00',22,'norbertodiolanda@gmail.com'),(594,'2013-12-15 22:01:11','12/18/2013','18:00',15,'marianarego@gmail.com'),(595,'2013-12-15 22:01:58','12/18/2013','18:00',22,'grazielaventura@gmail.com'),(596,'2013-12-15 22:04:47','12/18/2013','19:30',15,'mariacristovao@gmail.com'),(597,'2013-12-15 22:05:26','12/18/2013','19:30',22,'isabelventura@gmail.com'),(598,'2013-12-15 23:00:44','12/18/2013','09:00',17,'cristinafernandes@gmail.com'),(599,'2013-12-15 23:01:50','12/18/2013','09:00',23,'paulacristina@gmail.com'),(600,'2013-12-15 23:03:54','12/18/2013','09:30',17,'juliaguerra@gmail.com'),(601,'2013-12-15 23:04:54','12/18/2013','09:30',23,'isabelgorjao@gmail.com'),(602,'2013-12-15 23:06:18','12/18/2013','10:00',17,'madalenaroquete@gmail.com'),(603,'2013-12-15 23:07:26','12/18/2013','10:00',23,'luisacordovelo@gmail.com'),(604,'2013-12-15 23:08:14','12/18/2013','10:30',17,'anafaria@gmail.com'),(605,'2013-12-15 23:08:52','12/18/2013','10:30',23,'mariagrilo@gmail.com'),(606,'2013-12-15 23:09:38','12/18/2013','11:30',17,'emiliacordoval@gmail.com'),(607,'2013-12-15 23:10:13','12/18/2013','11:30',23,'ginasantos@gmail.com'),(608,'2013-12-15 23:14:25','12/18/2013','12:00',17,'helenalencastre@gmail.com'),(609,'2013-12-15 23:18:38','12/18/2013','12:00',23,'jacintafernandes@gmail.com'),(610,'2013-12-15 23:21:28','12/18/2013','12:30',17,'teresacarmona@gmail.com'),(611,'2013-12-15 23:22:21','12/18/2013','12:30',24,'lilianaalmeida@gmail.com'),(612,'2013-12-15 23:24:33','12/18/2013','15:00',24,'raquelcosta@gmail.com'),(613,'2013-12-15 23:25:22','12/18/2013','15:00',25,'alicemartins@gmail.com'),(614,'2013-12-15 23:26:59','12/18/2013','16:00',24,'elisabetesantos@gmail.com'),(615,'2013-12-15 23:28:37','12/18/2013','16:00',25,'sofiasimoes@gmail.com'),(616,'2013-12-15 23:29:37','12/18/2013','16:30',24,'manuelapintassilgo@gmail.com'),(617,'2013-12-15 23:30:49','12/18/2013','16:30',25,'rosaguimaraes@gmail.com'),(618,'2013-12-15 23:38:02','12/18/2013','17:00',24,'luisafarrajota@gmail.com'),(619,'2013-12-15 23:40:53','12/18/2013','17:00',25,'angelalino@gmail.com'),(620,'2013-12-15 23:43:12','12/18/2013','18:00',24,'cristinafragoso@gmail.com'),(621,'2013-12-15 23:43:46','12/18/2013','18:00',25,'soraiachaves@gmail.com'),(622,'2013-12-15 23:44:24','12/18/2013','19:30',24,'ritapereira@gmail.com'),(623,'2013-12-15 23:45:02','12/18/2013','19:30',25,'barbaraguimaraes@gmail.com'),(624,'2013-12-15 20:24:45','12/18/2013','09:00',26,'saraantunes@gmail.com'),(625,'2013-12-15 20:25:21','12/18/2013','09:00',29,'filipesintra@gmail.com'),(626,'2013-12-15 20:36:28','12/18/2013','09:30',26,'xaviergarcia@gmail.com'),(627,'2013-12-15 20:37:28','12/18/2013','09:30',29,'joanapinto@gmail.com'),(628,'2013-12-15 20:39:44','12/18/2013','10:00',26,'josemarcelo@gmail.com'),(629,'2013-12-15 20:41:48','12/18/2013','10:00',29,'mariasilva@gmail.com'),(630,'2013-12-15 20:42:37','12/18/2013','10:30',26,'luisalopes@gmail.com'),(631,'2013-12-15 20:43:04','12/18/2013','10:30',29,'hermanpinto@gmail.com'),(632,'2013-12-15 21:13:52','12/18/2013','11:30',26,'ruinunes@gmail.com'),(633,'2013-12-15 21:14:37','12/18/2013','11:30',29,'soniafeliz@gmail.com'),(634,'2013-12-15 21:15:38','12/18/2013','12:00',26,'danielaoliveira@gmail.com'),(635,'2013-12-15 21:16:12','12/18/2013','12:00',29,'joaofaria@gmail.com'),(636,'2013-12-15 21:18:18','12/18/2013','12:30',26,'guilhermesousa@gmail.com'),(637,'2013-12-15 21:20:51','12/18/2013','12:30',29,'goncaloguilherme@gmail.com'),(638,'2013-12-15 21:24:34','12/18/2013','15:00',27,'kualafunky@gmail.com'),(639,'2013-12-15 21:25:17','12/18/2013','15:00',28,'filipaguilherme@gmail.com'),(640,'2013-12-15 21:27:00','12/18/2013','16:00',27,'renatasantos@gmail.com'),(641,'2013-12-15 21:41:50','12/18/2013','16:00',28,'denisepalma@gmail.com'),(642,'2013-12-15 21:42:53','12/18/2013','16:30',27,'claudiofonseca@gmail.com'),(643,'2013-12-15 21:44:43','12/18/2013','16:30',28,'franciscaguilherme@gmail.com'),(644,'2013-12-15 21:57:39','12/18/2013','17:00',27,'aldinamagalhaes@gmail.com'),(645,'2013-12-15 21:59:21','12/18/2013','17:00',28,'norbertodiolanda@gmail.com'),(646,'2013-12-15 22:01:11','12/18/2013','18:00',27,'marianarego@gmail.com'),(647,'2013-12-15 22:01:58','12/18/2013','18:00',28,'grazielaventura@gmail.com'),(648,'2013-12-15 22:04:47','12/18/2013','19:30',27,'mariacristovao@gmail.com'),(649,'2013-12-15 22:05:26','12/18/2013','19:30',28,'isabelventura@gmail.com'),(650,'2013-12-15 23:00:44','12/18/2013','09:00',30,'cristinafernandes@gmail.com'),(651,'2013-12-15 23:01:50','12/18/2013','09:00',31,'paulacristina@gmail.com'),(652,'2013-12-15 23:03:54','12/18/2013','09:30',30,'juliaguerra@gmail.com'),(653,'2013-12-15 23:04:54','12/18/2013','09:30',31,'isabelgorjao@gmail.com'),(654,'2013-12-15 23:06:18','12/18/2013','10:00',30,'madalenaroquete@gmail.com'),(655,'2013-12-15 23:07:26','12/18/2013','10:00',31,'luisacordovelo@gmail.com'),(656,'2013-12-15 23:08:14','12/18/2013','10:30',30,'anafaria@gmail.com'),(657,'2013-12-15 23:08:52','12/18/2013','10:30',31,'mariagrilo@gmail.com'),(658,'2013-12-15 23:09:38','12/18/2013','11:30',30,'emiliacordoval@gmail.com'),(659,'2013-12-15 23:10:13','12/18/2013','11:30',31,'ginasantos@gmail.com'),(660,'2013-12-15 23:14:25','12/18/2013','12:00',30,'helenalencastre@gmail.com'),(661,'2013-12-15 23:18:38','12/18/2013','12:00',31,'jacintafernandes@gmail.com'),(662,'2013-12-15 23:21:28','12/18/2013','12:30',30,'teresacarmona@gmail.com'),(663,'2013-12-15 23:22:21','12/18/2013','12:30',31,'lilianaalmeida@gmail.com'),(664,'2013-12-15 23:24:33','12/18/2013','15:00',32,'raquelcosta@gmail.com'),(665,'2013-12-15 23:25:22','12/18/2013','15:00',33,'alicemartins@gmail.com'),(666,'2013-12-15 23:26:59','12/18/2013','16:00',32,'elisabetesantos@gmail.com'),(667,'2013-12-15 23:28:37','12/18/2013','16:00',33,'sofiasimoes@gmail.com'),(668,'2013-12-15 23:29:37','12/18/2013','16:30',32,'manuelapintassilgo@gmail.com'),(669,'2013-12-15 23:30:49','12/18/2013','16:30',33,'rosaguimaraes@gmail.com'),(670,'2013-12-15 23:38:02','12/18/2013','17:00',32,'luisafarrajota@gmail.com'),(671,'2013-12-15 23:40:53','12/18/2013','17:00',33,'angelalino@gmail.com'),(672,'2013-12-15 23:43:12','12/18/2013','18:00',32,'cristinafragoso@gmail.com'),(673,'2013-12-15 23:43:46','12/18/2013','18:00',33,'soraiachaves@gmail.com'),(674,'2013-12-15 23:44:24','12/18/2013','19:30',32,'ritapereira@gmail.com'),(675,'2013-12-15 23:45:02','12/18/2013','19:30',33,'barbaraguimaraes@gmail.com'),(676,'2013-12-15 20:24:45','12/18/2013','09:00',34,'saraantunes@gmail.com'),(677,'2013-12-15 20:25:21','12/18/2013','09:00',36,'filipesintra@gmail.com'),(678,'2013-12-15 20:36:28','12/18/2013','09:30',34,'xaviergarcia@gmail.com'),(679,'2013-12-15 20:37:28','12/18/2013','09:30',36,'joanapinto@gmail.com'),(680,'2013-12-15 20:39:44','12/18/2013','10:00',34,'josemarcelo@gmail.com'),(681,'2013-12-15 20:41:48','12/18/2013','10:00',36,'mariasilva@gmail.com'),(682,'2013-12-15 20:42:37','12/18/2013','10:30',34,'luisalopes@gmail.com'),(683,'2013-12-15 20:43:04','12/18/2013','10:30',36,'hermanpinto@gmail.com'),(684,'2013-12-15 21:13:52','12/18/2013','11:30',34,'ruinunes@gmail.com'),(685,'2013-12-15 21:14:37','12/18/2013','11:30',36,'soniafeliz@gmail.com'),(686,'2013-12-15 21:15:38','12/18/2013','12:00',34,'danielaoliveira@gmail.com'),(687,'2013-12-15 21:16:12','12/18/2013','12:00',36,'joaofaria@gmail.com'),(688,'2013-12-15 21:18:18','12/18/2013','12:30',34,'guilhermesousa@gmail.com'),(689,'2013-12-15 21:20:51','12/18/2013','12:30',36,'goncaloguilherme@gmail.com'),(690,'2013-12-15 21:24:34','12/18/2013','15:00',35,'kualafunky@gmail.com'),(691,'2013-12-15 21:25:17','12/18/2013','15:00',37,'filipaguilherme@gmail.com'),(692,'2013-12-15 21:27:00','12/18/2013','16:00',35,'renatasantos@gmail.com'),(693,'2013-12-15 21:41:50','12/18/2013','16:00',37,'denisepalma@gmail.com'),(694,'2013-12-15 21:42:53','12/18/2013','16:30',35,'claudiofonseca@gmail.com'),(695,'2013-12-15 21:44:43','12/18/2013','16:30',37,'franciscaguilherme@gmail.com'),(696,'2013-12-15 21:57:39','12/18/2013','17:00',35,'aldinamagalhaes@gmail.com'),(697,'2013-12-15 21:59:21','12/18/2013','17:00',37,'norbertodiolanda@gmail.com'),(698,'2013-12-15 22:01:11','12/18/2013','18:00',35,'marianarego@gmail.com'),(699,'2013-12-15 22:01:58','12/18/2013','18:00',37,'grazielaventura@gmail.com'),(700,'2013-12-15 22:04:47','12/18/2013','19:30',35,'mariacristovao@gmail.com'),(701,'2013-12-15 22:05:26','12/18/2013','19:30',37,'isabelventura@gmail.com'),(702,'2013-12-15 23:00:44','12/18/2013','09:00',38,'cristinafernandes@gmail.com'),(703,'2013-12-15 23:01:50','12/18/2013','09:00',40,'paulacristina@gmail.com'),(704,'2013-12-15 23:03:54','12/18/2013','09:30',38,'juliaguerra@gmail.com'),(705,'2013-12-15 23:04:54','12/18/2013','09:30',40,'isabelgorjao@gmail.com'),(706,'2013-12-15 23:06:18','12/18/2013','10:00',38,'madalenaroquete@gmail.com'),(707,'2013-12-15 23:07:26','12/18/2013','10:00',40,'luisacordovelo@gmail.com'),(708,'2013-12-15 23:08:14','12/18/2013','10:30',38,'anafaria@gmail.com'),(709,'2013-12-15 23:08:52','12/18/2013','10:30',40,'mariagrilo@gmail.com'),(710,'2013-12-15 23:09:38','12/18/2013','11:30',38,'emiliacordoval@gmail.com'),(711,'2013-12-15 23:10:13','12/18/2013','11:30',40,'ginasantos@gmail.com'),(712,'2013-12-15 23:14:25','12/18/2013','12:00',38,'helenalencastre@gmail.com'),(713,'2013-12-15 23:18:38','12/18/2013','12:00',40,'jacintafernandes@gmail.com'),(714,'2013-12-15 23:21:28','12/18/2013','12:30',38,'teresacarmona@gmail.com'),(715,'2013-12-15 23:22:21','12/18/2013','12:30',40,'lilianaalmeida@gmail.com'),(716,'2013-12-15 23:24:33','12/18/2013','15:00',39,'raquelcosta@gmail.com'),(717,'2013-12-15 23:25:22','12/18/2013','15:00',41,'alicemartins@gmail.com'),(718,'2013-12-15 23:26:59','12/18/2013','16:00',39,'elisabetesantos@gmail.com'),(719,'2013-12-15 23:28:37','12/18/2013','16:00',41,'sofiasimoes@gmail.com'),(720,'2013-12-15 23:29:37','12/18/2013','16:30',39,'manuelapintassilgo@gmail.com'),(721,'2013-12-15 23:30:49','12/18/2013','16:30',41,'rosaguimaraes@gmail.com'),(722,'2013-12-15 23:38:02','12/18/2013','17:00',39,'luisafarrajota@gmail.com'),(723,'2013-12-15 23:40:53','12/18/2013','17:00',41,'angelalino@gmail.com'),(724,'2013-12-15 23:43:12','12/18/2013','18:00',39,'cristinafragoso@gmail.com'),(725,'2013-12-15 23:43:46','12/18/2013','18:00',41,'soraiachaves@gmail.com'),(726,'2013-12-15 23:44:24','12/18/2013','19:30',39,'ritapereira@gmail.com'),(727,'2013-12-15 23:45:02','12/18/2013','19:30',41,'barbaraguimaraes@gmail.com'),(728,'2013-12-15 20:24:45','12/18/2013','09:00',42,'saraantunes@gmail.com'),(729,'2013-12-15 20:25:21','12/18/2013','09:00',44,'filipesintra@gmail.com'),(730,'2013-12-15 20:36:28','12/18/2013','09:30',42,'xaviergarcia@gmail.com'),(731,'2013-12-15 20:37:28','12/18/2013','09:30',44,'joanapinto@gmail.com'),(732,'2013-12-15 20:39:44','12/18/2013','10:00',42,'josemarcelo@gmail.com'),(733,'2013-12-15 20:41:48','12/18/2013','10:00',44,'mariasilva@gmail.com'),(734,'2013-12-15 20:42:37','12/18/2013','10:30',42,'luisalopes@gmail.com'),(735,'2013-12-15 20:43:04','12/18/2013','10:30',44,'hermanpinto@gmail.com'),(736,'2013-12-15 21:13:52','12/18/2013','11:30',42,'ruinunes@gmail.com'),(737,'2013-12-15 21:14:37','12/18/2013','11:30',44,'soniafeliz@gmail.com'),(738,'2013-12-15 21:15:38','12/18/2013','12:00',42,'danielaoliveira@gmail.com'),(739,'2013-12-15 21:16:12','12/18/2013','12:00',44,'joaofaria@gmail.com'),(740,'2013-12-15 21:18:18','12/18/2013','12:30',42,'guilhermesousa@gmail.com'),(741,'2013-12-15 21:20:51','12/18/2013','12:30',44,'goncaloguilherme@gmail.com'),(742,'2013-12-15 21:24:34','12/18/2013','15:00',43,'kualafunky@gmail.com'),(743,'2013-12-15 21:25:17','12/18/2013','15:00',45,'filipaguilherme@gmail.com'),(744,'2013-12-15 21:27:00','12/18/2013','16:00',43,'renatasantos@gmail.com'),(745,'2013-12-15 21:41:50','12/18/2013','16:00',45,'denisepalma@gmail.com'),(746,'2013-12-15 21:42:53','12/18/2013','16:30',43,'claudiofonseca@gmail.com'),(747,'2013-12-15 21:44:43','12/18/2013','16:30',45,'franciscaguilherme@gmail.com'),(748,'2013-12-15 21:57:39','12/18/2013','17:00',43,'aldinamagalhaes@gmail.com'),(749,'2013-12-15 21:59:21','12/18/2013','17:00',45,'norbertodiolanda@gmail.com'),(750,'2013-12-15 22:01:11','12/18/2013','18:00',43,'marianarego@gmail.com'),(751,'2013-12-15 22:01:58','12/18/2013','18:00',45,'grazielaventura@gmail.com'),(752,'2013-12-15 22:04:47','12/18/2013','19:30',43,'mariacristovao@gmail.com'),(753,'2013-12-15 22:05:26','12/18/2013','19:30',45,'isabelventura@gmail.com'),(754,'2013-12-15 23:00:44','12/18/2013','09:00',46,'cristinafernandes@gmail.com'),(755,'2013-12-15 23:01:50','12/18/2013','09:00',48,'paulacristina@gmail.com'),(756,'2013-12-15 23:03:54','12/18/2013','09:30',46,'juliaguerra@gmail.com'),(757,'2013-12-15 23:04:54','12/18/2013','09:30',48,'isabelgorjao@gmail.com'),(758,'2013-12-15 23:06:18','12/18/2013','10:00',46,'madalenaroquete@gmail.com'),(759,'2013-12-15 23:07:26','12/18/2013','10:00',48,'luisacordovelo@gmail.com'),(760,'2013-12-15 23:08:14','12/18/2013','10:30',46,'anafaria@gmail.com'),(761,'2013-12-15 23:08:52','12/18/2013','10:30',48,'mariagrilo@gmail.com'),(762,'2013-12-15 23:09:38','12/18/2013','11:30',46,'emiliacordoval@gmail.com'),(763,'2013-12-15 23:10:13','12/18/2013','11:30',48,'ginasantos@gmail.com'),(764,'2013-12-15 23:14:25','12/18/2013','12:00',46,'helenalencastre@gmail.com'),(765,'2013-12-15 23:18:38','12/18/2013','12:00',48,'jacintafernandes@gmail.com'),(766,'2013-12-15 23:21:28','12/18/2013','12:30',46,'teresacarmona@gmail.com'),(767,'2013-12-15 23:22:21','12/18/2013','12:30',48,'lilianaalmeida@gmail.com'),(768,'2013-12-15 23:24:33','12/18/2013','15:00',47,'raquelcosta@gmail.com'),(769,'2013-12-15 23:25:22','12/18/2013','15:00',53,'alicemartins@gmail.com'),(770,'2013-12-15 23:26:59','12/18/2013','16:00',47,'elisabetesantos@gmail.com'),(771,'2013-12-15 23:28:37','12/18/2013','16:00',53,'sofiasimoes@gmail.com'),(772,'2013-12-15 23:29:37','12/18/2013','16:30',47,'manuelapintassilgo@gmail.com'),(773,'2013-12-15 23:30:49','12/18/2013','16:30',53,'rosaguimaraes@gmail.com'),(774,'2013-12-15 23:38:02','12/18/2013','17:00',47,'luisafarrajota@gmail.com'),(775,'2013-12-15 23:40:53','12/18/2013','17:00',53,'angelalino@gmail.com'),(776,'2013-12-15 23:43:12','12/18/2013','18:00',47,'cristinafragoso@gmail.com'),(777,'2013-12-15 23:43:46','12/18/2013','18:00',53,'soraiachaves@gmail.com'),(778,'2013-12-15 23:44:24','12/18/2013','19:30',47,'ritapereira@gmail.com'),(779,'2013-12-15 23:45:02','12/18/2013','19:30',53,'barbaraguimaraes@gmail.com'),(780,'2013-12-15 20:24:45','12/18/2013','09:00',49,'saraantunes@gmail.com'),(781,'2013-12-15 20:25:21','12/18/2013','09:00',51,'filipesintra@gmail.com'),(782,'2013-12-15 20:36:28','12/18/2013','09:30',49,'xaviergarcia@gmail.com'),(783,'2013-12-15 20:37:28','12/18/2013','09:30',51,'joanapinto@gmail.com'),(784,'2013-12-15 20:39:44','12/18/2013','10:00',49,'josemarcelo@gmail.com'),(785,'2013-12-15 20:41:48','12/18/2013','10:00',51,'mariasilva@gmail.com'),(786,'2013-12-15 20:42:37','12/18/2013','10:30',49,'luisalopes@gmail.com'),(787,'2013-12-15 20:43:04','12/18/2013','10:30',51,'hermanpinto@gmail.com'),(788,'2013-12-15 21:13:52','12/18/2013','11:30',49,'ruinunes@gmail.com'),(789,'2013-12-15 21:14:37','12/18/2013','11:30',51,'soniafeliz@gmail.com'),(790,'2013-12-15 21:15:38','12/18/2013','12:00',49,'danielaoliveira@gmail.com'),(791,'2013-12-15 21:16:12','12/18/2013','12:00',51,'joaofaria@gmail.com'),(792,'2013-12-15 21:18:18','12/18/2013','12:30',49,'guilhermesousa@gmail.com'),(793,'2013-12-15 21:20:51','12/18/2013','12:30',51,'goncaloguilherme@gmail.com'),(794,'2013-12-15 21:24:34','12/18/2013','15:00',50,'kualafunky@gmail.com'),(795,'2013-12-15 21:25:17','12/18/2013','15:00',52,'filipaguilherme@gmail.com'),(796,'2013-12-15 21:27:00','12/18/2013','16:00',50,'renatasantos@gmail.com'),(797,'2013-12-15 21:41:50','12/18/2013','16:00',52,'denisepalma@gmail.com'),(798,'2013-12-15 21:42:53','12/18/2013','16:30',50,'claudiofonseca@gmail.com'),(799,'2013-12-15 21:44:43','12/18/2013','16:30',52,'franciscaguilherme@gmail.com'),(800,'2013-12-15 21:57:39','12/18/2013','17:00',50,'aldinamagalhaes@gmail.com'),(801,'2013-12-15 21:59:21','12/18/2013','17:00',52,'norbertodiolanda@gmail.com'),(802,'2013-12-15 22:01:11','12/18/2013','18:00',50,'marianarego@gmail.com'),(803,'2013-12-15 22:01:58','12/18/2013','18:00',52,'grazielaventura@gmail.com'),(804,'2013-12-15 22:04:47','12/18/2013','19:30',50,'mariacristovao@gmail.com'),(805,'2013-12-15 22:05:26','12/18/2013','19:30',52,'isabelventura@gmail.com'),(806,'2013-12-15 20:24:45','12/19/2013','09:00',3,'saraantunes@gmail.com'),(807,'2013-12-15 20:25:21','12/19/2013','09:00',5,'filipesintra@gmail.com'),(808,'2013-12-15 20:36:28','12/19/2013','09:30',3,'xaviergarcia@gmail.com'),(809,'2013-12-15 20:37:28','12/19/2013','09:30',5,'joanapinto@gmail.com'),(810,'2013-12-15 20:39:44','12/19/2013','10:00',3,'josemarcelo@gmail.com'),(811,'2013-12-15 20:41:48','12/19/2013','10:00',5,'mariasilva@gmail.com'),(812,'2013-12-15 20:42:37','12/19/2013','10:30',3,'luisalopes@gmail.com'),(813,'2013-12-15 20:43:04','12/19/2013','10:30',5,'hermanpinto@gmail.com'),(814,'2013-12-15 21:13:52','12/19/2013','11:30',3,'ruinunes@gmail.com'),(815,'2013-12-15 21:14:37','12/19/2013','11:30',5,'soniafeliz@gmail.com'),(816,'2013-12-15 21:15:38','12/19/2013','12:00',3,'danielaoliveira@gmail.com'),(817,'2013-12-15 21:16:12','12/19/2013','12:00',5,'joaofaria@gmail.com'),(818,'2013-12-15 21:18:18','12/19/2013','12:30',3,'guilhermesousa@gmail.com'),(819,'2013-12-15 21:20:51','12/19/2013','12:30',5,'goncaloguilherme@gmail.com'),(820,'2013-12-15 21:24:34','12/19/2013','15:00',8,'kualafunky@gmail.com'),(821,'2013-12-15 21:25:17','12/19/2013','15:00',9,'filipaguilherme@gmail.com'),(822,'2013-12-15 21:27:00','12/19/2013','16:00',8,'renatasantos@gmail.com'),(823,'2013-12-15 21:41:50','12/19/2013','16:00',9,'denisepalma@gmail.com'),(824,'2013-12-15 21:42:53','12/19/2013','16:30',8,'claudiofonseca@gmail.com'),(825,'2013-12-15 21:44:43','12/19/2013','16:30',9,'franciscaguilherme@gmail.com'),(826,'2013-12-15 21:57:39','12/19/2013','17:00',8,'aldinamagalhaes@gmail.com'),(827,'2013-12-15 21:59:21','12/19/2013','17:00',9,'norbertodiolanda@gmail.com'),(828,'2013-12-15 22:01:11','12/19/2013','18:00',8,'marianarego@gmail.com'),(829,'2013-12-15 22:01:58','12/19/2013','18:00',9,'grazielaventura@gmail.com'),(830,'2013-12-15 22:04:47','12/19/2013','19:30',8,'mariacristovao@gmail.com'),(831,'2013-12-15 22:05:26','12/19/2013','19:30',9,'isabelventura@gmail.com'),(832,'2013-12-15 23:00:44','12/19/2013','09:00',7,'cristinafernandes@gmail.com'),(833,'2013-12-15 23:01:50','12/19/2013','09:00',18,'paulacristina@gmail.com'),(834,'2013-12-15 23:03:54','12/19/2013','09:30',7,'juliaguerra@gmail.com'),(835,'2013-12-15 23:04:54','12/19/2013','09:30',18,'isabelgorjao@gmail.com'),(836,'2013-12-15 23:06:18','12/19/2013','10:00',7,'madalenaroquete@gmail.com'),(837,'2013-12-15 23:07:26','12/19/2013','10:00',18,'luisacordovelo@gmail.com'),(838,'2013-12-15 23:08:14','12/19/2013','10:30',7,'anafaria@gmail.com'),(839,'2013-12-15 23:08:52','12/19/2013','10:30',18,'mariagrilo@gmail.com'),(840,'2013-12-15 23:09:38','12/19/2013','11:30',7,'emiliacordoval@gmail.com'),(841,'2013-12-15 23:10:13','12/19/2013','11:30',18,'ginasantos@gmail.com'),(842,'2013-12-15 23:14:25','12/19/2013','12:00',7,'helenalencastre@gmail.com'),(843,'2013-12-15 23:18:38','12/19/2013','12:00',18,'jacintafernandes@gmail.com'),(844,'2013-12-15 23:21:28','12/19/2013','12:30',7,'teresacarmona@gmail.com'),(845,'2013-12-15 23:22:21','12/19/2013','12:30',18,'lilianaalmeida@gmail.com'),(846,'2013-12-15 23:24:33','12/19/2013','15:00',4,'raquelcosta@gmail.com'),(847,'2013-12-15 23:25:22','12/19/2013','15:00',6,'alicemartins@gmail.com'),(848,'2013-12-15 23:26:59','12/19/2013','16:00',4,'elisabetesantos@gmail.com'),(849,'2013-12-15 23:28:37','12/19/2013','16:00',6,'sofiasimoes@gmail.com'),(850,'2013-12-15 23:29:37','12/19/2013','16:30',4,'manuelapintassilgo@gmail.com'),(851,'2013-12-15 23:30:49','12/19/2013','16:30',6,'rosaguimaraes@gmail.com'),(852,'2013-12-15 23:38:02','12/19/2013','17:00',4,'luisafarrajota@gmail.com'),(853,'2013-12-15 23:40:53','12/19/2013','17:00',6,'angelalino@gmail.com'),(854,'2013-12-15 23:43:12','12/19/2013','18:00',4,'cristinafragoso@gmail.com'),(855,'2013-12-15 23:43:46','12/19/2013','18:00',6,'soraiachaves@gmail.com'),(856,'2013-12-15 23:44:24','12/19/2013','19:30',4,'ritapereira@gmail.com'),(857,'2013-12-15 23:45:02','12/19/2013','19:30',6,'barbaraguimaraes@gmail.com'),(858,'2013-12-15 20:24:45','12/19/2013','09:00',10,'saraantunes@gmail.com'),(859,'2013-12-15 20:25:21','12/19/2013','09:00',16,'filipesintra@gmail.com'),(860,'2013-12-15 20:36:28','12/19/2013','09:30',10,'xaviergarcia@gmail.com'),(861,'2013-12-15 20:37:28','12/19/2013','09:30',16,'joanapinto@gmail.com'),(862,'2013-12-15 20:39:44','12/19/2013','10:00',10,'josemarcelo@gmail.com'),(863,'2013-12-15 20:41:48','12/19/2013','10:00',16,'mariasilva@gmail.com'),(864,'2013-12-15 20:42:37','12/19/2013','10:30',10,'luisalopes@gmail.com'),(865,'2013-12-15 20:43:04','12/19/2013','10:30',16,'hermanpinto@gmail.com'),(866,'2013-12-15 21:13:52','12/19/2013','11:30',10,'ruinunes@gmail.com'),(867,'2013-12-15 21:14:37','12/19/2013','11:30',16,'soniafeliz@gmail.com'),(868,'2013-12-15 21:15:38','12/19/2013','12:00',10,'danielaoliveira@gmail.com'),(869,'2013-12-15 21:16:12','12/19/2013','12:00',16,'joaofaria@gmail.com'),(870,'2013-12-15 21:18:18','12/19/2013','12:30',10,'guilhermesousa@gmail.com'),(871,'2013-12-15 21:20:51','12/19/2013','12:30',16,'goncaloguilherme@gmail.com'),(872,'2013-12-15 21:24:34','12/19/2013','15:00',1,'kualafunky@gmail.com'),(873,'2013-12-15 21:25:17','12/19/2013','15:00',13,'filipaguilherme@gmail.com'),(874,'2013-12-15 21:27:00','12/19/2013','16:00',1,'renatasantos@gmail.com'),(875,'2013-12-15 21:41:50','12/19/2013','16:00',13,'denisepalma@gmail.com'),(876,'2013-12-15 21:42:53','12/19/2013','16:30',1,'claudiofonseca@gmail.com'),(877,'2013-12-15 21:44:43','12/19/2013','16:30',13,'franciscaguilherme@gmail.com'),(878,'2013-12-15 21:57:39','12/19/2013','17:00',1,'aldinamagalhaes@gmail.com'),(879,'2013-12-15 21:59:21','12/19/2013','17:00',13,'norbertodiolanda@gmail.com'),(880,'2013-12-15 22:01:11','12/19/2013','18:00',1,'marianarego@gmail.com'),(881,'2013-12-15 22:01:58','12/19/2013','18:00',13,'grazielaventura@gmail.com'),(882,'2013-12-15 22:04:47','12/19/2013','19:30',1,'mariacristovao@gmail.com'),(883,'2013-12-15 22:05:26','12/19/2013','19:30',13,'isabelventura@gmail.com'),(884,'2013-12-15 23:00:44','12/19/2013','09:00',2,'cristinafernandes@gmail.com'),(885,'2013-12-15 23:01:50','12/19/2013','09:00',11,'paulacristina@gmail.com'),(886,'2013-12-15 23:03:54','12/19/2013','09:30',2,'juliaguerra@gmail.com'),(887,'2013-12-15 23:04:54','12/19/2013','09:30',11,'isabelgorjao@gmail.com'),(888,'2013-12-15 23:06:18','12/19/2013','10:00',2,'madalenaroquete@gmail.com'),(889,'2013-12-15 23:07:26','12/19/2013','10:00',11,'luisacordovelo@gmail.com'),(890,'2013-12-15 23:08:14','12/19/2013','10:30',2,'anafaria@gmail.com'),(891,'2013-12-15 23:08:52','12/19/2013','10:30',11,'mariagrilo@gmail.com'),(892,'2013-12-15 23:09:38','12/19/2013','11:30',2,'emiliacordoval@gmail.com'),(893,'2013-12-15 23:10:13','12/19/2013','11:30',11,'ginasantos@gmail.com'),(894,'2013-12-15 23:14:25','12/19/2013','12:00',2,'helenalencastre@gmail.com'),(895,'2013-12-15 23:18:38','12/19/2013','12:00',11,'jacintafernandes@gmail.com'),(896,'2013-12-15 23:21:28','12/19/2013','12:30',2,'teresacarmona@gmail.com'),(897,'2013-12-15 23:22:21','12/19/2013','12:30',11,'lilianaalmeida@gmail.com'),(898,'2013-12-15 23:24:33','12/19/2013','15:00',12,'raquelcosta@gmail.com'),(899,'2013-12-15 23:25:22','12/19/2013','15:00',14,'alicemartins@gmail.com'),(900,'2013-12-15 23:26:59','12/19/2013','16:00',12,'elisabetesantos@gmail.com'),(901,'2013-12-15 23:28:37','12/19/2013','16:00',14,'sofiasimoes@gmail.com'),(902,'2013-12-15 23:29:37','12/19/2013','16:30',12,'manuelapintassilgo@gmail.com'),(903,'2013-12-15 23:30:49','12/19/2013','16:30',14,'rosaguimaraes@gmail.com'),(904,'2013-12-15 23:38:02','12/19/2013','17:00',12,'luisafarrajota@gmail.com'),(905,'2013-12-15 23:40:53','12/19/2013','17:00',14,'angelalino@gmail.com'),(906,'2013-12-15 23:43:12','12/19/2013','18:00',12,'cristinafragoso@gmail.com'),(907,'2013-12-15 23:43:46','12/19/2013','18:00',14,'soraiachaves@gmail.com'),(908,'2013-12-15 23:44:24','12/19/2013','19:30',12,'ritapereira@gmail.com'),(909,'2013-12-15 23:45:02','12/19/2013','19:30',14,'barbaraguimaraes@gmail.com'),(910,'2013-12-15 20:24:45','12/19/2013','09:00',20,'saraantunes@gmail.com'),(911,'2013-12-15 20:25:21','12/19/2013','09:00',21,'filipesintra@gmail.com'),(912,'2013-12-15 20:36:28','12/19/2013','09:30',20,'xaviergarcia@gmail.com'),(913,'2013-12-15 20:37:28','12/19/2013','09:30',21,'joanapinto@gmail.com'),(914,'2013-12-15 20:39:44','12/19/2013','10:00',20,'josemarcelo@gmail.com'),(915,'2013-12-15 20:41:48','12/19/2013','10:00',21,'mariasilva@gmail.com'),(916,'2013-12-15 20:42:37','12/19/2013','10:30',20,'luisalopes@gmail.com'),(917,'2013-12-15 20:43:04','12/19/2013','10:30',21,'hermanpinto@gmail.com'),(918,'2013-12-15 21:13:52','12/19/2013','11:30',20,'ruinunes@gmail.com'),(919,'2013-12-15 21:14:37','12/19/2013','11:30',21,'soniafeliz@gmail.com'),(920,'2013-12-15 21:15:38','12/19/2013','12:00',20,'danielaoliveira@gmail.com'),(921,'2013-12-15 21:16:12','12/19/2013','12:00',21,'joaofaria@gmail.com'),(922,'2013-12-15 21:18:18','12/19/2013','12:30',20,'guilhermesousa@gmail.com'),(923,'2013-12-15 21:20:51','12/19/2013','12:30',21,'goncaloguilherme@gmail.com'),(924,'2013-12-15 21:24:34','12/19/2013','15:00',15,'kualafunky@gmail.com'),(925,'2013-12-15 21:25:17','12/19/2013','15:00',22,'filipaguilherme@gmail.com'),(926,'2013-12-15 21:27:00','12/19/2013','16:00',15,'renatasantos@gmail.com'),(927,'2013-12-15 21:41:50','12/19/2013','16:00',22,'denisepalma@gmail.com'),(928,'2013-12-15 21:42:53','12/19/2013','16:30',15,'claudiofonseca@gmail.com'),(929,'2013-12-15 21:44:43','12/19/2013','16:30',22,'franciscaguilherme@gmail.com'),(930,'2013-12-15 21:57:39','12/19/2013','17:00',15,'aldinamagalhaes@gmail.com'),(931,'2013-12-15 21:59:21','12/19/2013','17:00',22,'norbertodiolanda@gmail.com'),(932,'2013-12-15 22:01:11','12/19/2013','18:00',15,'marianarego@gmail.com'),(933,'2013-12-15 22:01:58','12/19/2013','18:00',22,'grazielaventura@gmail.com'),(934,'2013-12-15 22:04:47','12/19/2013','19:30',15,'mariacristovao@gmail.com'),(935,'2013-12-15 22:05:26','12/19/2013','19:30',22,'isabelventura@gmail.com'),(936,'2013-12-15 23:00:44','12/19/2013','09:00',17,'cristinafernandes@gmail.com'),(937,'2013-12-15 23:01:50','12/19/2013','09:00',23,'paulacristina@gmail.com'),(938,'2013-12-15 23:03:54','12/19/2013','09:30',17,'juliaguerra@gmail.com'),(939,'2013-12-15 23:04:54','12/19/2013','09:30',23,'isabelgorjao@gmail.com'),(940,'2013-12-15 23:06:18','12/19/2013','10:00',17,'madalenaroquete@gmail.com'),(941,'2013-12-15 23:07:26','12/19/2013','10:00',23,'luisacordovelo@gmail.com'),(942,'2013-12-15 23:08:14','12/19/2013','10:30',17,'anafaria@gmail.com'),(943,'2013-12-15 23:08:52','12/19/2013','10:30',23,'mariagrilo@gmail.com'),(944,'2013-12-15 23:09:38','12/19/2013','11:30',17,'emiliacordoval@gmail.com'),(945,'2013-12-15 23:10:13','12/19/2013','11:30',23,'ginasantos@gmail.com'),(946,'2013-12-15 23:14:25','12/19/2013','12:00',17,'helenalencastre@gmail.com'),(947,'2013-12-15 23:18:38','12/19/2013','12:00',23,'jacintafernandes@gmail.com'),(948,'2013-12-15 23:21:28','12/19/2013','12:30',17,'teresacarmona@gmail.com'),(949,'2013-12-15 23:22:21','12/19/2013','12:30',24,'lilianaalmeida@gmail.com'),(950,'2013-12-15 23:24:33','12/19/2013','15:00',24,'raquelcosta@gmail.com'),(951,'2013-12-15 23:25:22','12/19/2013','15:00',25,'alicemartins@gmail.com'),(952,'2013-12-15 23:26:59','12/19/2013','16:00',24,'elisabetesantos@gmail.com'),(953,'2013-12-15 23:28:37','12/19/2013','16:00',25,'sofiasimoes@gmail.com'),(954,'2013-12-15 23:29:37','12/19/2013','16:30',24,'manuelapintassilgo@gmail.com'),(955,'2013-12-15 23:30:49','12/19/2013','16:30',25,'rosaguimaraes@gmail.com'),(956,'2013-12-15 23:38:02','12/19/2013','17:00',24,'luisafarrajota@gmail.com'),(957,'2013-12-15 23:40:53','12/19/2013','17:00',25,'angelalino@gmail.com'),(958,'2013-12-15 23:43:12','12/19/2013','18:00',24,'cristinafragoso@gmail.com'),(959,'2013-12-15 23:43:46','12/19/2013','18:00',25,'soraiachaves@gmail.com'),(960,'2013-12-15 23:44:24','12/19/2013','19:30',24,'ritapereira@gmail.com'),(961,'2013-12-15 23:45:02','12/19/2013','19:30',25,'barbaraguimaraes@gmail.com'),(962,'2013-12-15 20:24:45','12/19/2013','09:00',26,'saraantunes@gmail.com'),(963,'2013-12-15 20:25:21','12/19/2013','09:00',29,'filipesintra@gmail.com'),(964,'2013-12-15 20:36:28','12/19/2013','09:30',26,'xaviergarcia@gmail.com'),(965,'2013-12-15 20:37:28','12/19/2013','09:30',29,'joanapinto@gmail.com'),(966,'2013-12-15 20:39:44','12/19/2013','10:00',26,'josemarcelo@gmail.com'),(967,'2013-12-15 20:41:48','12/19/2013','10:00',29,'mariasilva@gmail.com'),(968,'2013-12-15 20:42:37','12/19/2013','10:30',26,'luisalopes@gmail.com'),(969,'2013-12-15 20:43:04','12/19/2013','10:30',29,'hermanpinto@gmail.com'),(970,'2013-12-15 21:13:52','12/19/2013','11:30',26,'ruinunes@gmail.com'),(971,'2013-12-15 21:14:37','12/19/2013','11:30',29,'soniafeliz@gmail.com'),(972,'2013-12-15 21:15:38','12/19/2013','12:00',26,'danielaoliveira@gmail.com'),(973,'2013-12-15 21:16:12','12/19/2013','12:00',29,'joaofaria@gmail.com'),(974,'2013-12-15 21:18:18','12/19/2013','12:30',26,'guilhermesousa@gmail.com'),(975,'2013-12-15 21:20:51','12/19/2013','12:30',29,'goncaloguilherme@gmail.com'),(976,'2013-12-15 21:24:34','12/19/2013','15:00',27,'kualafunky@gmail.com'),(977,'2013-12-15 21:25:17','12/19/2013','15:00',28,'filipaguilherme@gmail.com'),(978,'2013-12-15 21:27:00','12/19/2013','16:00',27,'renatasantos@gmail.com'),(979,'2013-12-15 21:41:50','12/19/2013','16:00',28,'denisepalma@gmail.com'),(980,'2013-12-15 21:42:53','12/19/2013','16:30',27,'claudiofonseca@gmail.com'),(981,'2013-12-15 21:44:43','12/19/2013','16:30',28,'franciscaguilherme@gmail.com'),(982,'2013-12-15 21:57:39','12/19/2013','17:00',27,'aldinamagalhaes@gmail.com'),(983,'2013-12-15 21:59:21','12/19/2013','17:00',28,'norbertodiolanda@gmail.com'),(984,'2013-12-15 22:01:11','12/19/2013','18:00',27,'marianarego@gmail.com'),(985,'2013-12-15 22:01:58','12/19/2013','18:00',28,'grazielaventura@gmail.com'),(986,'2013-12-15 22:04:47','12/19/2013','19:30',27,'mariacristovao@gmail.com'),(987,'2013-12-15 22:05:26','12/19/2013','19:30',28,'isabelventura@gmail.com'),(988,'2013-12-15 23:00:44','12/19/2013','09:00',30,'cristinafernandes@gmail.com'),(989,'2013-12-15 23:01:50','12/19/2013','09:00',31,'paulacristina@gmail.com'),(990,'2013-12-15 23:03:54','12/19/2013','09:30',30,'juliaguerra@gmail.com'),(991,'2013-12-15 23:04:54','12/19/2013','09:30',31,'isabelgorjao@gmail.com'),(992,'2013-12-15 23:06:18','12/19/2013','10:00',30,'madalenaroquete@gmail.com'),(993,'2013-12-15 23:07:26','12/19/2013','10:00',31,'luisacordovelo@gmail.com'),(994,'2013-12-15 23:08:14','12/19/2013','10:30',30,'anafaria@gmail.com'),(995,'2013-12-15 23:08:52','12/19/2013','10:30',31,'mariagrilo@gmail.com'),(996,'2013-12-15 23:09:38','12/19/2013','11:30',30,'emiliacordoval@gmail.com'),(997,'2013-12-15 23:10:13','12/19/2013','11:30',31,'ginasantos@gmail.com'),(998,'2013-12-15 23:14:25','12/19/2013','12:00',30,'helenalencastre@gmail.com'),(999,'2013-12-15 23:18:38','12/19/2013','12:00',31,'jacintafernandes@gmail.com'),(1000,'2013-12-15 23:21:28','12/19/2013','12:30',30,'teresacarmona@gmail.com'),(1001,'2013-12-15 23:22:21','12/19/2013','12:30',31,'lilianaalmeida@gmail.com'),(1002,'2013-12-15 23:24:33','12/19/2013','15:00',32,'raquelcosta@gmail.com'),(1003,'2013-12-15 23:25:22','12/19/2013','15:00',33,'alicemartins@gmail.com'),(1004,'2013-12-15 23:26:59','12/19/2013','16:00',32,'elisabetesantos@gmail.com'),(1005,'2013-12-15 23:28:37','12/19/2013','16:00',33,'sofiasimoes@gmail.com'),(1006,'2013-12-15 23:29:37','12/19/2013','16:30',32,'manuelapintassilgo@gmail.com'),(1007,'2013-12-15 23:30:49','12/19/2013','16:30',33,'rosaguimaraes@gmail.com'),(1008,'2013-12-15 23:38:02','12/19/2013','17:00',32,'luisafarrajota@gmail.com'),(1009,'2013-12-15 23:40:53','12/19/2013','17:00',33,'angelalino@gmail.com'),(1010,'2013-12-15 23:43:12','12/19/2013','18:00',32,'cristinafragoso@gmail.com'),(1011,'2013-12-15 23:43:46','12/19/2013','18:00',33,'soraiachaves@gmail.com'),(1012,'2013-12-15 23:44:24','12/19/2013','19:30',32,'ritapereira@gmail.com'),(1013,'2013-12-15 23:45:02','12/19/2013','19:30',33,'barbaraguimaraes@gmail.com'),(1014,'2013-12-15 20:24:45','12/19/2013','09:00',34,'saraantunes@gmail.com'),(1015,'2013-12-15 20:25:21','12/19/2013','09:00',36,'filipesintra@gmail.com'),(1016,'2013-12-15 20:36:28','12/19/2013','09:30',34,'xaviergarcia@gmail.com'),(1017,'2013-12-15 20:37:28','12/19/2013','09:30',36,'joanapinto@gmail.com'),(1018,'2013-12-15 20:39:44','12/19/2013','10:00',34,'josemarcelo@gmail.com'),(1019,'2013-12-15 20:41:48','12/19/2013','10:00',36,'mariasilva@gmail.com'),(1020,'2013-12-15 20:42:37','12/19/2013','10:30',34,'luisalopes@gmail.com'),(1021,'2013-12-15 20:43:04','12/19/2013','10:30',36,'hermanpinto@gmail.com'),(1022,'2013-12-15 21:13:52','12/19/2013','11:30',34,'ruinunes@gmail.com'),(1023,'2013-12-15 21:14:37','12/19/2013','11:30',36,'soniafeliz@gmail.com'),(1024,'2013-12-15 21:15:38','12/19/2013','12:00',34,'danielaoliveira@gmail.com'),(1025,'2013-12-15 21:16:12','12/19/2013','12:00',36,'joaofaria@gmail.com'),(1026,'2013-12-15 21:18:18','12/19/2013','12:30',34,'guilhermesousa@gmail.com'),(1027,'2013-12-15 21:20:51','12/19/2013','12:30',36,'goncaloguilherme@gmail.com'),(1028,'2013-12-15 21:24:34','12/19/2013','15:00',35,'kualafunky@gmail.com'),(1029,'2013-12-15 21:25:17','12/19/2013','15:00',37,'filipaguilherme@gmail.com'),(1030,'2013-12-15 21:27:00','12/19/2013','16:00',35,'renatasantos@gmail.com'),(1031,'2013-12-15 21:41:50','12/19/2013','16:00',37,'denisepalma@gmail.com'),(1032,'2013-12-15 21:42:53','12/19/2013','16:30',35,'claudiofonseca@gmail.com'),(1033,'2013-12-15 21:44:43','12/19/2013','16:30',37,'franciscaguilherme@gmail.com'),(1034,'2013-12-15 21:57:39','12/19/2013','17:00',35,'aldinamagalhaes@gmail.com'),(1035,'2013-12-15 21:59:21','12/19/2013','17:00',37,'norbertodiolanda@gmail.com'),(1036,'2013-12-15 22:01:11','12/19/2013','18:00',35,'marianarego@gmail.com'),(1037,'2013-12-15 22:01:58','12/19/2013','18:00',37,'grazielaventura@gmail.com'),(1038,'2013-12-15 22:04:47','12/19/2013','19:30',35,'mariacristovao@gmail.com'),(1039,'2013-12-15 22:05:26','12/19/2013','19:30',37,'isabelventura@gmail.com'),(1040,'2013-12-15 23:00:44','12/19/2013','09:00',38,'cristinafernandes@gmail.com'),(1041,'2013-12-15 23:01:50','12/19/2013','09:00',40,'paulacristina@gmail.com'),(1042,'2013-12-15 23:03:54','12/19/2013','09:30',38,'juliaguerra@gmail.com'),(1043,'2013-12-15 23:04:54','12/19/2013','09:30',40,'isabelgorjao@gmail.com'),(1044,'2013-12-15 23:06:18','12/19/2013','10:00',38,'madalenaroquete@gmail.com'),(1045,'2013-12-15 23:07:26','12/19/2013','10:00',40,'luisacordovelo@gmail.com'),(1046,'2013-12-15 23:08:14','12/19/2013','10:30',38,'anafaria@gmail.com'),(1047,'2013-12-15 23:08:52','12/19/2013','10:30',40,'mariagrilo@gmail.com'),(1048,'2013-12-15 23:09:38','12/19/2013','11:30',38,'emiliacordoval@gmail.com'),(1049,'2013-12-15 23:10:13','12/19/2013','11:30',40,'ginasantos@gmail.com'),(1050,'2013-12-15 23:14:25','12/19/2013','12:00',38,'helenalencastre@gmail.com'),(1051,'2013-12-15 23:18:38','12/19/2013','12:00',40,'jacintafernandes@gmail.com'),(1052,'2013-12-15 23:21:28','12/19/2013','12:30',38,'teresacarmona@gmail.com'),(1053,'2013-12-15 23:22:21','12/19/2013','12:30',40,'lilianaalmeida@gmail.com'),(1054,'2013-12-15 23:24:33','12/19/2013','15:00',39,'raquelcosta@gmail.com'),(1055,'2013-12-15 23:25:22','12/19/2013','15:00',41,'alicemartins@gmail.com'),(1056,'2013-12-15 23:26:59','12/19/2013','16:00',39,'elisabetesantos@gmail.com'),(1057,'2013-12-15 23:28:37','12/19/2013','16:00',41,'sofiasimoes@gmail.com'),(1058,'2013-12-15 23:29:37','12/19/2013','16:30',39,'manuelapintassilgo@gmail.com'),(1059,'2013-12-15 23:30:49','12/19/2013','16:30',41,'rosaguimaraes@gmail.com'),(1060,'2013-12-15 23:38:02','12/19/2013','17:00',39,'luisafarrajota@gmail.com'),(1061,'2013-12-15 23:40:53','12/19/2013','17:00',41,'angelalino@gmail.com'),(1062,'2013-12-15 23:43:12','12/19/2013','18:00',39,'cristinafragoso@gmail.com'),(1063,'2013-12-15 23:43:46','12/19/2013','18:00',41,'soraiachaves@gmail.com'),(1064,'2013-12-15 23:44:24','12/19/2013','19:30',39,'ritapereira@gmail.com'),(1065,'2013-12-15 23:45:02','12/19/2013','19:30',41,'barbaraguimaraes@gmail.com'),(1066,'2013-12-15 20:24:45','12/19/2013','09:00',42,'saraantunes@gmail.com'),(1067,'2013-12-15 20:25:21','12/19/2013','09:00',44,'filipesintra@gmail.com'),(1068,'2013-12-15 20:36:28','12/19/2013','09:30',42,'xaviergarcia@gmail.com'),(1069,'2013-12-15 20:37:28','12/19/2013','09:30',44,'joanapinto@gmail.com'),(1070,'2013-12-15 20:39:44','12/19/2013','10:00',42,'josemarcelo@gmail.com'),(1071,'2013-12-15 20:41:48','12/19/2013','10:00',44,'mariasilva@gmail.com'),(1072,'2013-12-15 20:42:37','12/19/2013','10:30',42,'luisalopes@gmail.com'),(1073,'2013-12-15 20:43:04','12/19/2013','10:30',44,'hermanpinto@gmail.com'),(1074,'2013-12-15 21:13:52','12/19/2013','11:30',42,'ruinunes@gmail.com'),(1075,'2013-12-15 21:14:37','12/19/2013','11:30',44,'soniafeliz@gmail.com'),(1076,'2013-12-15 21:15:38','12/19/2013','12:00',42,'danielaoliveira@gmail.com'),(1077,'2013-12-15 21:16:12','12/19/2013','12:00',44,'joaofaria@gmail.com'),(1078,'2013-12-15 21:18:18','12/19/2013','12:30',42,'guilhermesousa@gmail.com'),(1079,'2013-12-15 21:20:51','12/19/2013','12:30',44,'goncaloguilherme@gmail.com'),(1080,'2013-12-15 21:24:34','12/19/2013','15:00',43,'kualafunky@gmail.com'),(1081,'2013-12-15 21:25:17','12/19/2013','15:00',45,'filipaguilherme@gmail.com'),(1082,'2013-12-15 21:27:00','12/19/2013','16:00',43,'renatasantos@gmail.com'),(1083,'2013-12-15 21:41:50','12/19/2013','16:00',45,'denisepalma@gmail.com'),(1084,'2013-12-15 21:42:53','12/19/2013','16:30',43,'claudiofonseca@gmail.com'),(1085,'2013-12-15 21:44:43','12/19/2013','16:30',45,'franciscaguilherme@gmail.com'),(1086,'2013-12-15 21:57:39','12/19/2013','17:00',43,'aldinamagalhaes@gmail.com'),(1087,'2013-12-15 21:59:21','12/19/2013','17:00',45,'norbertodiolanda@gmail.com'),(1088,'2013-12-15 22:01:11','12/19/2013','18:00',43,'marianarego@gmail.com'),(1089,'2013-12-15 22:01:58','12/19/2013','18:00',45,'grazielaventura@gmail.com'),(1090,'2013-12-15 22:04:47','12/19/2013','19:30',43,'mariacristovao@gmail.com'),(1091,'2013-12-15 22:05:26','12/19/2013','19:30',45,'isabelventura@gmail.com'),(1092,'2013-12-15 23:00:44','12/19/2013','09:00',46,'cristinafernandes@gmail.com'),(1093,'2013-12-15 23:01:50','12/19/2013','09:00',48,'paulacristina@gmail.com'),(1094,'2013-12-15 23:03:54','12/19/2013','09:30',46,'juliaguerra@gmail.com'),(1095,'2013-12-15 23:04:54','12/19/2013','09:30',48,'isabelgorjao@gmail.com'),(1096,'2013-12-15 23:06:18','12/19/2013','10:00',46,'madalenaroquete@gmail.com'),(1097,'2013-12-15 23:07:26','12/19/2013','10:00',48,'luisacordovelo@gmail.com'),(1098,'2013-12-15 23:08:14','12/19/2013','10:30',46,'anafaria@gmail.com'),(1099,'2013-12-15 23:08:52','12/19/2013','10:30',48,'mariagrilo@gmail.com'),(1100,'2013-12-15 23:09:38','12/19/2013','11:30',46,'emiliacordoval@gmail.com'),(1101,'2013-12-15 23:10:13','12/19/2013','11:30',48,'ginasantos@gmail.com'),(1102,'2013-12-15 23:14:25','12/19/2013','12:00',46,'helenalencastre@gmail.com'),(1103,'2013-12-15 23:18:38','12/19/2013','12:00',48,'jacintafernandes@gmail.com'),(1104,'2013-12-15 23:21:28','12/19/2013','12:30',46,'teresacarmona@gmail.com'),(1105,'2013-12-15 23:22:21','12/19/2013','12:30',48,'lilianaalmeida@gmail.com'),(1106,'2013-12-15 23:24:33','12/19/2013','15:00',47,'raquelcosta@gmail.com'),(1107,'2013-12-15 23:25:22','12/19/2013','15:00',53,'alicemartins@gmail.com'),(1108,'2013-12-15 23:26:59','12/19/2013','16:00',47,'elisabetesantos@gmail.com'),(1109,'2013-12-15 23:28:37','12/19/2013','16:00',53,'sofiasimoes@gmail.com'),(1110,'2013-12-15 23:29:37','12/19/2013','16:30',47,'manuelapintassilgo@gmail.com'),(1111,'2013-12-15 23:30:49','12/19/2013','16:30',53,'rosaguimaraes@gmail.com'),(1112,'2013-12-15 23:38:02','12/19/2013','17:00',47,'luisafarrajota@gmail.com'),(1113,'2013-12-15 23:40:53','12/19/2013','17:00',53,'angelalino@gmail.com'),(1114,'2013-12-15 23:43:12','12/19/2013','18:00',47,'cristinafragoso@gmail.com'),(1115,'2013-12-15 23:43:46','12/19/2013','18:00',53,'soraiachaves@gmail.com'),(1116,'2013-12-15 23:44:24','12/19/2013','19:30',47,'ritapereira@gmail.com'),(1117,'2013-12-15 23:45:02','12/19/2013','19:30',53,'barbaraguimaraes@gmail.com'),(1118,'2013-12-15 20:24:45','12/19/2013','09:00',49,'saraantunes@gmail.com'),(1119,'2013-12-15 20:25:21','12/19/2013','09:00',51,'filipesintra@gmail.com'),(1120,'2013-12-15 20:36:28','12/19/2013','09:30',49,'xaviergarcia@gmail.com'),(1121,'2013-12-15 20:37:28','12/19/2013','09:30',51,'joanapinto@gmail.com'),(1122,'2013-12-15 20:39:44','12/19/2013','10:00',49,'josemarcelo@gmail.com'),(1123,'2013-12-15 20:41:48','12/19/2013','10:00',51,'mariasilva@gmail.com'),(1124,'2013-12-15 20:42:37','12/19/2013','10:30',49,'luisalopes@gmail.com'),(1125,'2013-12-15 20:43:04','12/19/2013','10:30',51,'hermanpinto@gmail.com'),(1126,'2013-12-15 21:13:52','12/19/2013','11:30',49,'ruinunes@gmail.com'),(1127,'2013-12-15 21:14:37','12/19/2013','11:30',51,'soniafeliz@gmail.com'),(1128,'2013-12-15 21:15:38','12/19/2013','12:00',49,'danielaoliveira@gmail.com'),(1129,'2013-12-15 21:16:12','12/19/2013','12:00',51,'joaofaria@gmail.com'),(1130,'2013-12-15 21:18:18','12/19/2013','12:30',49,'guilhermesousa@gmail.com'),(1131,'2013-12-15 21:20:51','12/19/2013','12:30',51,'goncaloguilherme@gmail.com'),(1132,'2013-12-15 21:24:34','12/19/2013','15:00',50,'kualafunky@gmail.com'),(1133,'2013-12-15 21:25:17','12/19/2013','15:00',52,'filipaguilherme@gmail.com'),(1134,'2013-12-15 21:27:00','12/19/2013','16:00',50,'renatasantos@gmail.com'),(1135,'2013-12-15 21:41:50','12/19/2013','16:00',52,'denisepalma@gmail.com'),(1136,'2013-12-15 21:42:53','12/19/2013','16:30',50,'claudiofonseca@gmail.com'),(1137,'2013-12-15 21:44:43','12/19/2013','16:30',52,'franciscaguilherme@gmail.com'),(1138,'2013-12-15 21:57:39','12/19/2013','17:00',50,'aldinamagalhaes@gmail.com'),(1139,'2013-12-15 21:59:21','12/19/2013','17:00',52,'norbertodiolanda@gmail.com'),(1140,'2013-12-15 22:01:11','12/19/2013','18:00',50,'marianarego@gmail.com'),(1141,'2013-12-15 22:01:58','12/19/2013','18:00',52,'grazielaventura@gmail.com'),(1142,'2013-12-15 22:04:47','12/19/2013','19:30',50,'mariacristovao@gmail.com'),(1143,'2013-12-15 22:05:26','12/19/2013','19:30',52,'isabelventura@gmail.com'),(1144,'2013-12-15 20:24:45','12/20/2013','09:00',3,'saraantunes@gmail.com'),(1145,'2013-12-15 20:25:21','12/20/2013','09:00',5,'filipesintra@gmail.com'),(1146,'2013-12-15 20:36:28','12/20/2013','09:30',3,'xaviergarcia@gmail.com'),(1147,'2013-12-15 20:37:28','12/20/2013','09:30',5,'joanapinto@gmail.com'),(1148,'2013-12-15 20:39:44','12/20/2013','10:00',3,'josemarcelo@gmail.com'),(1149,'2013-12-15 20:41:48','12/20/2013','10:00',5,'mariasilva@gmail.com'),(1150,'2013-12-15 20:42:37','12/20/2013','10:30',3,'luisalopes@gmail.com'),(1151,'2013-12-15 20:43:04','12/20/2013','10:30',5,'hermanpinto@gmail.com'),(1152,'2013-12-15 21:13:52','12/20/2013','11:30',3,'ruinunes@gmail.com'),(1153,'2013-12-15 21:14:37','12/20/2013','11:30',5,'soniafeliz@gmail.com'),(1154,'2013-12-15 21:15:38','12/20/2013','12:00',3,'danielaoliveira@gmail.com'),(1155,'2013-12-15 21:16:12','12/20/2013','12:00',5,'joaofaria@gmail.com'),(1156,'2013-12-15 21:18:18','12/20/2013','12:30',3,'guilhermesousa@gmail.com'),(1157,'2013-12-15 21:20:51','12/20/2013','12:30',5,'goncaloguilherme@gmail.com'),(1158,'2013-12-15 21:24:34','12/20/2013','15:00',8,'kualafunky@gmail.com'),(1159,'2013-12-15 21:25:17','12/20/2013','15:00',9,'filipaguilherme@gmail.com'),(1160,'2013-12-15 21:27:00','12/20/2013','16:00',8,'renatasantos@gmail.com'),(1161,'2013-12-15 21:41:50','12/20/2013','16:00',9,'denisepalma@gmail.com'),(1162,'2013-12-15 21:42:53','12/20/2013','16:30',8,'claudiofonseca@gmail.com'),(1163,'2013-12-15 21:44:43','12/20/2013','16:30',9,'franciscaguilherme@gmail.com'),(1164,'2013-12-15 21:57:39','12/20/2013','17:00',8,'aldinamagalhaes@gmail.com'),(1165,'2013-12-15 21:59:21','12/20/2013','17:00',9,'norbertodiolanda@gmail.com'),(1166,'2013-12-15 22:01:11','12/20/2013','18:00',8,'marianarego@gmail.com'),(1167,'2013-12-15 22:01:58','12/20/2013','18:00',9,'grazielaventura@gmail.com'),(1168,'2013-12-15 22:04:47','12/20/2013','19:30',8,'mariacristovao@gmail.com'),(1169,'2013-12-15 22:05:26','12/20/2013','19:30',9,'isabelventura@gmail.com'),(1170,'2013-12-15 23:00:44','12/20/2013','09:00',7,'cristinafernandes@gmail.com'),(1171,'2013-12-15 23:01:50','12/20/2013','09:00',18,'paulacristina@gmail.com'),(1172,'2013-12-15 23:03:54','12/20/2013','09:30',7,'juliaguerra@gmail.com'),(1173,'2013-12-15 23:04:54','12/20/2013','09:30',18,'isabelgorjao@gmail.com'),(1174,'2013-12-15 23:06:18','12/20/2013','10:00',7,'madalenaroquete@gmail.com'),(1175,'2013-12-15 23:07:26','12/20/2013','10:00',18,'luisacordovelo@gmail.com'),(1176,'2013-12-15 23:08:14','12/20/2013','10:30',7,'anafaria@gmail.com'),(1177,'2013-12-15 23:08:52','12/20/2013','10:30',18,'mariagrilo@gmail.com'),(1178,'2013-12-15 23:09:38','12/20/2013','11:30',7,'emiliacordoval@gmail.com'),(1179,'2013-12-15 23:10:13','12/20/2013','11:30',18,'ginasantos@gmail.com'),(1180,'2013-12-15 23:14:25','12/20/2013','12:00',7,'helenalencastre@gmail.com'),(1181,'2013-12-15 23:18:38','12/20/2013','12:00',18,'jacintafernandes@gmail.com'),(1182,'2013-12-15 23:21:28','12/20/2013','12:30',7,'teresacarmona@gmail.com'),(1183,'2013-12-15 23:22:21','12/20/2013','12:30',18,'lilianaalmeida@gmail.com'),(1184,'2013-12-15 23:24:33','12/20/2013','15:00',4,'raquelcosta@gmail.com'),(1185,'2013-12-15 23:25:22','12/20/2013','15:00',6,'alicemartins@gmail.com'),(1186,'2013-12-15 23:26:59','12/20/2013','16:00',4,'elisabetesantos@gmail.com'),(1187,'2013-12-15 23:28:37','12/20/2013','16:00',6,'sofiasimoes@gmail.com'),(1188,'2013-12-15 23:29:37','12/20/2013','16:30',4,'manuelapintassilgo@gmail.com'),(1189,'2013-12-15 23:30:49','12/20/2013','16:30',6,'rosaguimaraes@gmail.com'),(1190,'2013-12-15 23:38:02','12/20/2013','17:00',4,'luisafarrajota@gmail.com'),(1191,'2013-12-15 23:40:53','12/20/2013','17:00',6,'angelalino@gmail.com'),(1192,'2013-12-15 23:43:12','12/20/2013','18:00',4,'cristinafragoso@gmail.com'),(1193,'2013-12-15 23:43:46','12/20/2013','18:00',6,'soraiachaves@gmail.com'),(1194,'2013-12-15 23:44:24','12/20/2013','19:30',4,'ritapereira@gmail.com'),(1195,'2013-12-15 23:45:02','12/20/2013','19:30',6,'barbaraguimaraes@gmail.com'),(1196,'2013-12-15 20:24:45','12/20/2013','09:00',10,'saraantunes@gmail.com'),(1197,'2013-12-15 20:25:21','12/20/2013','09:00',16,'filipesintra@gmail.com'),(1198,'2013-12-15 20:36:28','12/20/2013','09:30',10,'xaviergarcia@gmail.com'),(1199,'2013-12-15 20:37:28','12/20/2013','09:30',16,'joanapinto@gmail.com'),(1200,'2013-12-15 20:39:44','12/20/2013','10:00',10,'josemarcelo@gmail.com'),(1201,'2013-12-15 20:41:48','12/20/2013','10:00',16,'mariasilva@gmail.com'),(1202,'2013-12-15 20:42:37','12/20/2013','10:30',10,'luisalopes@gmail.com'),(1203,'2013-12-15 20:43:04','12/20/2013','10:30',16,'hermanpinto@gmail.com'),(1204,'2013-12-15 21:13:52','12/20/2013','11:30',10,'ruinunes@gmail.com'),(1205,'2013-12-15 21:14:37','12/20/2013','11:30',16,'soniafeliz@gmail.com'),(1206,'2013-12-15 21:15:38','12/20/2013','12:00',10,'danielaoliveira@gmail.com'),(1207,'2013-12-15 21:16:12','12/20/2013','12:00',16,'joaofaria@gmail.com'),(1208,'2013-12-15 21:18:18','12/20/2013','12:30',10,'guilhermesousa@gmail.com'),(1209,'2013-12-15 21:20:51','12/20/2013','12:30',16,'goncaloguilherme@gmail.com'),(1210,'2013-12-15 21:24:34','12/20/2013','15:00',1,'kualafunky@gmail.com'),(1211,'2013-12-15 21:25:17','12/20/2013','15:00',13,'filipaguilherme@gmail.com'),(1212,'2013-12-15 21:27:00','12/20/2013','16:00',1,'renatasantos@gmail.com'),(1213,'2013-12-15 21:41:50','12/20/2013','16:00',13,'denisepalma@gmail.com'),(1214,'2013-12-15 21:42:53','12/20/2013','16:30',1,'claudiofonseca@gmail.com'),(1215,'2013-12-15 21:44:43','12/20/2013','16:30',13,'franciscaguilherme@gmail.com'),(1216,'2013-12-15 21:57:39','12/20/2013','17:00',1,'aldinamagalhaes@gmail.com'),(1217,'2013-12-15 21:59:21','12/20/2013','17:00',13,'norbertodiolanda@gmail.com'),(1218,'2013-12-15 22:01:11','12/20/2013','18:00',1,'marianarego@gmail.com'),(1219,'2013-12-15 22:01:58','12/20/2013','18:00',13,'grazielaventura@gmail.com'),(1220,'2013-12-15 22:04:47','12/20/2013','19:30',1,'mariacristovao@gmail.com'),(1221,'2013-12-15 22:05:26','12/20/2013','19:30',13,'isabelventura@gmail.com'),(1222,'2013-12-15 23:00:44','12/20/2013','09:00',2,'cristinafernandes@gmail.com'),(1223,'2013-12-15 23:01:50','12/20/2013','09:00',11,'paulacristina@gmail.com'),(1224,'2013-12-15 23:03:54','12/20/2013','09:30',2,'juliaguerra@gmail.com'),(1225,'2013-12-15 23:04:54','12/20/2013','09:30',11,'isabelgorjao@gmail.com'),(1226,'2013-12-15 23:06:18','12/20/2013','10:00',2,'madalenaroquete@gmail.com'),(1227,'2013-12-15 23:07:26','12/20/2013','10:00',11,'luisacordovelo@gmail.com'),(1228,'2013-12-15 23:08:14','12/20/2013','10:30',2,'anafaria@gmail.com'),(1229,'2013-12-15 23:08:52','12/20/2013','10:30',11,'mariagrilo@gmail.com'),(1230,'2013-12-15 23:09:38','12/20/2013','11:30',2,'emiliacordoval@gmail.com'),(1231,'2013-12-15 23:10:13','12/20/2013','11:30',11,'ginasantos@gmail.com'),(1232,'2013-12-15 23:14:25','12/20/2013','12:00',2,'helenalencastre@gmail.com'),(1233,'2013-12-15 23:18:38','12/20/2013','12:00',11,'jacintafernandes@gmail.com'),(1234,'2013-12-15 23:21:28','12/20/2013','12:30',2,'teresacarmona@gmail.com'),(1235,'2013-12-15 23:22:21','12/20/2013','12:30',11,'lilianaalmeida@gmail.com'),(1236,'2013-12-15 23:24:33','12/20/2013','15:00',12,'raquelcosta@gmail.com'),(1237,'2013-12-15 23:25:22','12/20/2013','15:00',14,'alicemartins@gmail.com'),(1238,'2013-12-15 23:26:59','12/20/2013','16:00',12,'elisabetesantos@gmail.com'),(1239,'2013-12-15 23:28:37','12/20/2013','16:00',14,'sofiasimoes@gmail.com'),(1240,'2013-12-15 23:29:37','12/20/2013','16:30',12,'manuelapintassilgo@gmail.com'),(1241,'2013-12-15 23:30:49','12/20/2013','16:30',14,'rosaguimaraes@gmail.com'),(1242,'2013-12-15 23:38:02','12/20/2013','17:00',12,'luisafarrajota@gmail.com'),(1243,'2013-12-15 23:40:53','12/20/2013','17:00',14,'angelalino@gmail.com'),(1244,'2013-12-15 23:43:12','12/20/2013','18:00',12,'cristinafragoso@gmail.com'),(1245,'2013-12-15 23:43:46','12/20/2013','18:00',14,'soraiachaves@gmail.com'),(1246,'2013-12-15 23:44:24','12/20/2013','19:30',12,'ritapereira@gmail.com'),(1247,'2013-12-15 23:45:02','12/20/2013','19:30',14,'barbaraguimaraes@gmail.com'),(1248,'2013-12-15 20:24:45','12/20/2013','09:00',20,'saraantunes@gmail.com'),(1249,'2013-12-15 20:25:21','12/20/2013','09:00',21,'filipesintra@gmail.com'),(1250,'2013-12-15 20:36:28','12/20/2013','09:30',20,'xaviergarcia@gmail.com'),(1251,'2013-12-15 20:37:28','12/20/2013','09:30',21,'joanapinto@gmail.com'),(1252,'2013-12-15 20:39:44','12/20/2013','10:00',20,'josemarcelo@gmail.com'),(1253,'2013-12-15 20:41:48','12/20/2013','10:00',21,'mariasilva@gmail.com'),(1254,'2013-12-15 20:42:37','12/20/2013','10:30',20,'luisalopes@gmail.com'),(1255,'2013-12-15 20:43:04','12/20/2013','10:30',21,'hermanpinto@gmail.com'),(1256,'2013-12-15 21:13:52','12/20/2013','11:30',20,'ruinunes@gmail.com'),(1257,'2013-12-15 21:14:37','12/20/2013','11:30',21,'soniafeliz@gmail.com'),(1258,'2013-12-15 21:15:38','12/20/2013','12:00',20,'danielaoliveira@gmail.com'),(1259,'2013-12-15 21:16:12','12/20/2013','12:00',21,'joaofaria@gmail.com'),(1260,'2013-12-15 21:18:18','12/20/2013','12:30',20,'guilhermesousa@gmail.com'),(1261,'2013-12-15 21:20:51','12/20/2013','12:30',21,'goncaloguilherme@gmail.com'),(1262,'2013-12-15 21:24:34','12/20/2013','15:00',15,'kualafunky@gmail.com'),(1263,'2013-12-15 21:25:17','12/20/2013','15:00',22,'filipaguilherme@gmail.com'),(1264,'2013-12-15 21:27:00','12/20/2013','16:00',15,'renatasantos@gmail.com'),(1265,'2013-12-15 21:41:50','12/20/2013','16:00',22,'denisepalma@gmail.com'),(1266,'2013-12-15 21:42:53','12/20/2013','16:30',15,'claudiofonseca@gmail.com'),(1267,'2013-12-15 21:44:43','12/20/2013','16:30',22,'franciscaguilherme@gmail.com'),(1268,'2013-12-15 21:57:39','12/20/2013','17:00',15,'aldinamagalhaes@gmail.com'),(1269,'2013-12-15 21:59:21','12/20/2013','17:00',22,'norbertodiolanda@gmail.com'),(1270,'2013-12-15 22:01:11','12/20/2013','18:00',15,'marianarego@gmail.com'),(1271,'2013-12-15 22:01:58','12/20/2013','18:00',22,'grazielaventura@gmail.com'),(1272,'2013-12-15 22:04:47','12/20/2013','19:30',15,'mariacristovao@gmail.com'),(1273,'2013-12-15 22:05:26','12/20/2013','19:30',22,'isabelventura@gmail.com'),(1274,'2013-12-15 23:00:44','12/20/2013','09:00',17,'cristinafernandes@gmail.com'),(1275,'2013-12-15 23:01:50','12/20/2013','09:00',23,'paulacristina@gmail.com'),(1276,'2013-12-15 23:03:54','12/20/2013','09:30',17,'juliaguerra@gmail.com'),(1277,'2013-12-15 23:04:54','12/20/2013','09:30',23,'isabelgorjao@gmail.com'),(1278,'2013-12-15 23:06:18','12/20/2013','10:00',17,'madalenaroquete@gmail.com'),(1279,'2013-12-15 23:07:26','12/20/2013','10:00',23,'luisacordovelo@gmail.com'),(1280,'2013-12-15 23:08:14','12/20/2013','10:30',17,'anafaria@gmail.com'),(1281,'2013-12-15 23:08:52','12/20/2013','10:30',23,'mariagrilo@gmail.com'),(1282,'2013-12-15 23:09:38','12/20/2013','11:30',17,'emiliacordoval@gmail.com'),(1283,'2013-12-15 23:10:13','12/20/2013','11:30',23,'ginasantos@gmail.com'),(1284,'2013-12-15 23:14:25','12/20/2013','12:00',17,'helenalencastre@gmail.com'),(1285,'2013-12-15 23:18:38','12/20/2013','12:00',23,'jacintafernandes@gmail.com'),(1286,'2013-12-15 23:21:28','12/20/2013','12:30',17,'teresacarmona@gmail.com'),(1287,'2013-12-15 23:22:21','12/20/2013','12:30',24,'lilianaalmeida@gmail.com'),(1288,'2013-12-15 23:24:33','12/20/2013','15:00',24,'raquelcosta@gmail.com'),(1289,'2013-12-15 23:25:22','12/20/2013','15:00',25,'alicemartins@gmail.com'),(1290,'2013-12-15 23:26:59','12/20/2013','16:00',24,'elisabetesantos@gmail.com'),(1291,'2013-12-15 23:28:37','12/20/2013','16:00',25,'sofiasimoes@gmail.com'),(1292,'2013-12-15 23:29:37','12/20/2013','16:30',24,'manuelapintassilgo@gmail.com'),(1293,'2013-12-15 23:30:49','12/20/2013','16:30',25,'rosaguimaraes@gmail.com'),(1294,'2013-12-15 23:38:02','12/20/2013','17:00',24,'luisafarrajota@gmail.com'),(1295,'2013-12-15 23:40:53','12/20/2013','17:00',25,'angelalino@gmail.com'),(1296,'2013-12-15 23:43:12','12/20/2013','18:00',24,'cristinafragoso@gmail.com'),(1297,'2013-12-15 23:43:46','12/20/2013','18:00',25,'soraiachaves@gmail.com'),(1298,'2013-12-15 23:44:24','12/20/2013','19:30',24,'ritapereira@gmail.com'),(1299,'2013-12-15 23:45:02','12/20/2013','19:30',25,'barbaraguimaraes@gmail.com'),(1300,'2013-12-15 20:24:45','12/20/2013','09:00',26,'saraantunes@gmail.com'),(1301,'2013-12-15 20:25:21','12/20/2013','09:00',29,'filipesintra@gmail.com'),(1302,'2013-12-15 20:36:28','12/20/2013','09:30',26,'xaviergarcia@gmail.com'),(1303,'2013-12-15 20:37:28','12/20/2013','09:30',29,'joanapinto@gmail.com'),(1304,'2013-12-15 20:39:44','12/20/2013','10:00',26,'josemarcelo@gmail.com'),(1305,'2013-12-15 20:41:48','12/20/2013','10:00',29,'mariasilva@gmail.com'),(1306,'2013-12-15 20:42:37','12/20/2013','10:30',26,'luisalopes@gmail.com'),(1307,'2013-12-15 20:43:04','12/20/2013','10:30',29,'hermanpinto@gmail.com'),(1308,'2013-12-15 21:13:52','12/20/2013','11:30',26,'ruinunes@gmail.com'),(1309,'2013-12-15 21:14:37','12/20/2013','11:30',29,'soniafeliz@gmail.com'),(1310,'2013-12-15 21:15:38','12/20/2013','12:00',26,'danielaoliveira@gmail.com'),(1311,'2013-12-15 21:16:12','12/20/2013','12:00',29,'joaofaria@gmail.com'),(1312,'2013-12-15 21:18:18','12/20/2013','12:30',26,'guilhermesousa@gmail.com'),(1313,'2013-12-15 21:20:51','12/20/2013','12:30',29,'goncaloguilherme@gmail.com'),(1314,'2013-12-15 21:24:34','12/20/2013','15:00',27,'kualafunky@gmail.com'),(1315,'2013-12-15 21:25:17','12/20/2013','15:00',28,'filipaguilherme@gmail.com'),(1316,'2013-12-15 21:27:00','12/20/2013','16:00',27,'renatasantos@gmail.com'),(1317,'2013-12-15 21:41:50','12/20/2013','16:00',28,'denisepalma@gmail.com'),(1318,'2013-12-15 21:42:53','12/20/2013','16:30',27,'claudiofonseca@gmail.com'),(1319,'2013-12-15 21:44:43','12/20/2013','16:30',28,'franciscaguilherme@gmail.com'),(1320,'2013-12-15 21:57:39','12/20/2013','17:00',27,'aldinamagalhaes@gmail.com'),(1321,'2013-12-15 21:59:21','12/20/2013','17:00',28,'norbertodiolanda@gmail.com'),(1322,'2013-12-15 22:01:11','12/20/2013','18:00',27,'marianarego@gmail.com'),(1323,'2013-12-15 22:01:58','12/20/2013','18:00',28,'grazielaventura@gmail.com'),(1324,'2013-12-15 22:04:47','12/20/2013','19:30',27,'mariacristovao@gmail.com'),(1325,'2013-12-15 22:05:26','12/20/2013','19:30',28,'isabelventura@gmail.com'),(1326,'2013-12-15 23:00:44','12/20/2013','09:00',30,'cristinafernandes@gmail.com'),(1327,'2013-12-15 23:01:50','12/20/2013','09:00',31,'paulacristina@gmail.com'),(1328,'2013-12-15 23:03:54','12/20/2013','09:30',30,'juliaguerra@gmail.com'),(1329,'2013-12-15 23:04:54','12/20/2013','09:30',31,'isabelgorjao@gmail.com'),(1330,'2013-12-15 23:06:18','12/20/2013','10:00',30,'madalenaroquete@gmail.com'),(1331,'2013-12-15 23:07:26','12/20/2013','10:00',31,'luisacordovelo@gmail.com'),(1332,'2013-12-15 23:08:14','12/20/2013','10:30',30,'anafaria@gmail.com'),(1333,'2013-12-15 23:08:52','12/20/2013','10:30',31,'mariagrilo@gmail.com'),(1334,'2013-12-15 23:09:38','12/20/2013','11:30',30,'emiliacordoval@gmail.com'),(1335,'2013-12-15 23:10:13','12/20/2013','11:30',31,'ginasantos@gmail.com'),(1336,'2013-12-15 23:14:25','12/20/2013','12:00',30,'helenalencastre@gmail.com'),(1337,'2013-12-15 23:18:38','12/20/2013','12:00',31,'jacintafernandes@gmail.com'),(1338,'2013-12-15 23:21:28','12/20/2013','12:30',30,'teresacarmona@gmail.com'),(1339,'2013-12-15 23:22:21','12/20/2013','12:30',31,'lilianaalmeida@gmail.com'),(1340,'2013-12-15 23:24:33','12/20/2013','15:00',32,'raquelcosta@gmail.com'),(1341,'2013-12-15 23:25:22','12/20/2013','15:00',33,'alicemartins@gmail.com'),(1342,'2013-12-15 23:26:59','12/20/2013','16:00',32,'elisabetesantos@gmail.com'),(1343,'2013-12-15 23:28:37','12/20/2013','16:00',33,'sofiasimoes@gmail.com'),(1344,'2013-12-15 23:29:37','12/20/2013','16:30',32,'manuelapintassilgo@gmail.com'),(1345,'2013-12-15 23:30:49','12/20/2013','16:30',33,'rosaguimaraes@gmail.com'),(1346,'2013-12-15 23:38:02','12/20/2013','17:00',32,'luisafarrajota@gmail.com'),(1347,'2013-12-15 23:40:53','12/20/2013','17:00',33,'angelalino@gmail.com'),(1348,'2013-12-15 23:43:12','12/20/2013','18:00',32,'cristinafragoso@gmail.com'),(1349,'2013-12-15 23:43:46','12/20/2013','18:00',33,'soraiachaves@gmail.com'),(1350,'2013-12-15 23:44:24','12/20/2013','19:30',32,'ritapereira@gmail.com'),(1351,'2013-12-15 23:45:02','12/20/2013','19:30',33,'barbaraguimaraes@gmail.com'),(1352,'2013-12-15 20:24:45','12/20/2013','09:00',34,'saraantunes@gmail.com'),(1353,'2013-12-15 20:25:21','12/20/2013','09:00',36,'filipesintra@gmail.com'),(1354,'2013-12-15 20:36:28','12/20/2013','09:30',34,'xaviergarcia@gmail.com'),(1355,'2013-12-15 20:37:28','12/20/2013','09:30',36,'joanapinto@gmail.com'),(1356,'2013-12-15 20:39:44','12/20/2013','10:00',34,'josemarcelo@gmail.com'),(1357,'2013-12-15 20:41:48','12/20/2013','10:00',36,'mariasilva@gmail.com'),(1358,'2013-12-15 20:42:37','12/20/2013','10:30',34,'luisalopes@gmail.com'),(1359,'2013-12-15 20:43:04','12/20/2013','10:30',36,'hermanpinto@gmail.com'),(1360,'2013-12-15 21:13:52','12/20/2013','11:30',34,'ruinunes@gmail.com'),(1361,'2013-12-15 21:14:37','12/20/2013','11:30',36,'soniafeliz@gmail.com'),(1362,'2013-12-15 21:15:38','12/20/2013','12:00',34,'danielaoliveira@gmail.com'),(1363,'2013-12-15 21:16:12','12/20/2013','12:00',36,'joaofaria@gmail.com'),(1364,'2013-12-15 21:18:18','12/20/2013','12:30',34,'guilhermesousa@gmail.com'),(1365,'2013-12-15 21:20:51','12/20/2013','12:30',36,'goncaloguilherme@gmail.com'),(1366,'2013-12-15 21:24:34','12/20/2013','15:00',35,'kualafunky@gmail.com'),(1367,'2013-12-15 21:25:17','12/20/2013','15:00',37,'filipaguilherme@gmail.com'),(1368,'2013-12-15 21:27:00','12/20/2013','16:00',35,'renatasantos@gmail.com'),(1369,'2013-12-15 21:41:50','12/20/2013','16:00',37,'denisepalma@gmail.com'),(1370,'2013-12-15 21:42:53','12/20/2013','16:30',35,'claudiofonseca@gmail.com'),(1371,'2013-12-15 21:44:43','12/20/2013','16:30',37,'franciscaguilherme@gmail.com'),(1372,'2013-12-15 21:57:39','12/20/2013','17:00',35,'aldinamagalhaes@gmail.com'),(1373,'2013-12-15 21:59:21','12/20/2013','17:00',37,'norbertodiolanda@gmail.com'),(1374,'2013-12-15 22:01:11','12/20/2013','18:00',35,'marianarego@gmail.com'),(1375,'2013-12-15 22:01:58','12/20/2013','18:00',37,'grazielaventura@gmail.com'),(1376,'2013-12-15 22:04:47','12/20/2013','19:30',35,'mariacristovao@gmail.com'),(1377,'2013-12-15 22:05:26','12/20/2013','19:30',37,'isabelventura@gmail.com'),(1378,'2013-12-15 23:00:44','12/20/2013','09:00',38,'cristinafernandes@gmail.com'),(1379,'2013-12-15 23:01:50','12/20/2013','09:00',40,'paulacristina@gmail.com'),(1380,'2013-12-15 23:03:54','12/20/2013','09:30',38,'juliaguerra@gmail.com'),(1381,'2013-12-15 23:04:54','12/20/2013','09:30',40,'isabelgorjao@gmail.com'),(1382,'2013-12-15 23:06:18','12/20/2013','10:00',38,'madalenaroquete@gmail.com'),(1383,'2013-12-15 23:07:26','12/20/2013','10:00',40,'luisacordovelo@gmail.com'),(1384,'2013-12-15 23:08:14','12/20/2013','10:30',38,'anafaria@gmail.com'),(1385,'2013-12-15 23:08:52','12/20/2013','10:30',40,'mariagrilo@gmail.com'),(1386,'2013-12-15 23:09:38','12/20/2013','11:30',38,'emiliacordoval@gmail.com'),(1387,'2013-12-15 23:10:13','12/20/2013','11:30',40,'ginasantos@gmail.com'),(1388,'2013-12-15 23:14:25','12/20/2013','12:00',38,'helenalencastre@gmail.com'),(1389,'2013-12-15 23:18:38','12/20/2013','12:00',40,'jacintafernandes@gmail.com'),(1390,'2013-12-15 23:21:28','12/20/2013','12:30',38,'teresacarmona@gmail.com'),(1391,'2013-12-15 23:22:21','12/20/2013','12:30',40,'lilianaalmeida@gmail.com'),(1392,'2013-12-15 23:24:33','12/20/2013','15:00',39,'raquelcosta@gmail.com'),(1393,'2013-12-15 23:25:22','12/20/2013','15:00',41,'alicemartins@gmail.com'),(1394,'2013-12-15 23:26:59','12/20/2013','16:00',39,'elisabetesantos@gmail.com'),(1395,'2013-12-15 23:28:37','12/20/2013','16:00',41,'sofiasimoes@gmail.com'),(1396,'2013-12-15 23:29:37','12/20/2013','16:30',39,'manuelapintassilgo@gmail.com'),(1397,'2013-12-15 23:30:49','12/20/2013','16:30',41,'rosaguimaraes@gmail.com'),(1398,'2013-12-15 23:38:02','12/20/2013','17:00',39,'luisafarrajota@gmail.com'),(1399,'2013-12-15 23:40:53','12/20/2013','17:00',41,'angelalino@gmail.com'),(1400,'2013-12-15 23:43:12','12/20/2013','18:00',39,'cristinafragoso@gmail.com'),(1401,'2013-12-15 23:43:46','12/20/2013','18:00',41,'soraiachaves@gmail.com'),(1402,'2013-12-15 23:44:24','12/20/2013','19:30',39,'ritapereira@gmail.com'),(1403,'2013-12-15 23:45:02','12/20/2013','19:30',41,'barbaraguimaraes@gmail.com'),(1404,'2013-12-15 20:24:45','12/20/2013','09:00',42,'saraantunes@gmail.com'),(1405,'2013-12-15 20:25:21','12/20/2013','09:00',44,'filipesintra@gmail.com'),(1406,'2013-12-15 20:36:28','12/20/2013','09:30',42,'xaviergarcia@gmail.com'),(1407,'2013-12-15 20:37:28','12/20/2013','09:30',44,'joanapinto@gmail.com'),(1408,'2013-12-15 20:39:44','12/20/2013','10:00',42,'josemarcelo@gmail.com'),(1409,'2013-12-15 20:41:48','12/20/2013','10:00',44,'mariasilva@gmail.com'),(1410,'2013-12-15 20:42:37','12/20/2013','10:30',42,'luisalopes@gmail.com'),(1411,'2013-12-15 20:43:04','12/20/2013','10:30',44,'hermanpinto@gmail.com'),(1412,'2013-12-15 21:13:52','12/20/2013','11:30',42,'ruinunes@gmail.com'),(1413,'2013-12-15 21:14:37','12/20/2013','11:30',44,'soniafeliz@gmail.com'),(1414,'2013-12-15 21:15:38','12/20/2013','12:00',42,'danielaoliveira@gmail.com'),(1415,'2013-12-15 21:16:12','12/20/2013','12:00',44,'joaofaria@gmail.com'),(1416,'2013-12-15 21:18:18','12/20/2013','12:30',42,'guilhermesousa@gmail.com'),(1417,'2013-12-15 21:20:51','12/20/2013','12:30',44,'goncaloguilherme@gmail.com'),(1418,'2013-12-15 21:24:34','12/20/2013','15:00',43,'kualafunky@gmail.com'),(1419,'2013-12-15 21:25:17','12/20/2013','15:00',45,'filipaguilherme@gmail.com'),(1420,'2013-12-15 21:27:00','12/20/2013','16:00',43,'renatasantos@gmail.com'),(1421,'2013-12-15 21:41:50','12/20/2013','16:00',45,'denisepalma@gmail.com'),(1422,'2013-12-15 21:42:53','12/20/2013','16:30',43,'claudiofonseca@gmail.com'),(1423,'2013-12-15 21:44:43','12/20/2013','16:30',45,'franciscaguilherme@gmail.com'),(1424,'2013-12-15 21:57:39','12/20/2013','17:00',43,'aldinamagalhaes@gmail.com'),(1425,'2013-12-15 21:59:21','12/20/2013','17:00',45,'norbertodiolanda@gmail.com'),(1426,'2013-12-15 22:01:11','12/20/2013','18:00',43,'marianarego@gmail.com'),(1427,'2013-12-15 22:01:58','12/20/2013','18:00',45,'grazielaventura@gmail.com'),(1428,'2013-12-15 22:04:47','12/20/2013','19:30',43,'mariacristovao@gmail.com'),(1429,'2013-12-15 22:05:26','12/20/2013','19:30',45,'isabelventura@gmail.com'),(1430,'2013-12-15 23:00:44','12/20/2013','09:00',46,'cristinafernandes@gmail.com'),(1431,'2013-12-15 23:01:50','12/20/2013','09:00',48,'paulacristina@gmail.com'),(1432,'2013-12-15 23:03:54','12/20/2013','09:30',46,'juliaguerra@gmail.com'),(1433,'2013-12-15 23:04:54','12/20/2013','09:30',48,'isabelgorjao@gmail.com'),(1434,'2013-12-15 23:06:18','12/20/2013','10:00',46,'madalenaroquete@gmail.com'),(1435,'2013-12-15 23:07:26','12/20/2013','10:00',48,'luisacordovelo@gmail.com'),(1436,'2013-12-15 23:08:14','12/20/2013','10:30',46,'anafaria@gmail.com'),(1437,'2013-12-15 23:08:52','12/20/2013','10:30',48,'mariagrilo@gmail.com'),(1438,'2013-12-15 23:09:38','12/20/2013','11:30',46,'emiliacordoval@gmail.com'),(1439,'2013-12-15 23:10:13','12/20/2013','11:30',48,'ginasantos@gmail.com'),(1440,'2013-12-15 23:14:25','12/20/2013','12:00',46,'helenalencastre@gmail.com'),(1441,'2013-12-15 23:18:38','12/20/2013','12:00',48,'jacintafernandes@gmail.com'),(1442,'2013-12-15 23:21:28','12/20/2013','12:30',46,'teresacarmona@gmail.com'),(1443,'2013-12-15 23:22:21','12/20/2013','12:30',48,'lilianaalmeida@gmail.com'),(1444,'2013-12-15 23:24:33','12/20/2013','15:00',47,'raquelcosta@gmail.com'),(1445,'2013-12-15 23:25:22','12/20/2013','15:00',53,'alicemartins@gmail.com'),(1446,'2013-12-15 23:26:59','12/20/2013','16:00',47,'elisabetesantos@gmail.com'),(1447,'2013-12-15 23:28:37','12/20/2013','16:00',53,'sofiasimoes@gmail.com'),(1448,'2013-12-15 23:29:37','12/20/2013','16:30',47,'manuelapintassilgo@gmail.com'),(1449,'2013-12-15 23:30:49','12/20/2013','16:30',53,'rosaguimaraes@gmail.com'),(1450,'2013-12-15 23:38:02','12/20/2013','17:00',47,'luisafarrajota@gmail.com'),(1451,'2013-12-15 23:40:53','12/20/2013','17:00',53,'angelalino@gmail.com'),(1452,'2013-12-15 23:43:12','12/20/2013','18:00',47,'cristinafragoso@gmail.com'),(1453,'2013-12-15 23:43:46','12/20/2013','18:00',53,'soraiachaves@gmail.com'),(1454,'2013-12-15 23:44:24','12/20/2013','19:30',47,'ritapereira@gmail.com'),(1455,'2013-12-15 23:45:02','12/20/2013','19:30',53,'barbaraguimaraes@gmail.com'),(1456,'2013-12-15 20:24:45','12/20/2013','09:00',49,'saraantunes@gmail.com'),(1457,'2013-12-15 20:25:21','12/20/2013','09:00',51,'filipesintra@gmail.com'),(1458,'2013-12-15 20:36:28','12/20/2013','09:30',49,'xaviergarcia@gmail.com'),(1459,'2013-12-15 20:37:28','12/20/2013','09:30',51,'joanapinto@gmail.com'),(1460,'2013-12-15 20:39:44','12/20/2013','10:00',49,'josemarcelo@gmail.com'),(1461,'2013-12-15 20:41:48','12/20/2013','10:00',51,'mariasilva@gmail.com'),(1462,'2013-12-15 20:42:37','12/20/2013','10:30',49,'luisalopes@gmail.com'),(1463,'2013-12-15 20:43:04','12/20/2013','10:30',51,'hermanpinto@gmail.com'),(1464,'2013-12-15 21:13:52','12/20/2013','11:30',49,'ruinunes@gmail.com'),(1465,'2013-12-15 21:14:37','12/20/2013','11:30',51,'soniafeliz@gmail.com'),(1466,'2013-12-15 21:15:38','12/20/2013','12:00',49,'danielaoliveira@gmail.com'),(1467,'2013-12-15 21:16:12','12/20/2013','12:00',51,'joaofaria@gmail.com'),(1468,'2013-12-15 21:18:18','12/20/2013','12:30',49,'guilhermesousa@gmail.com'),(1469,'2013-12-15 21:20:51','12/20/2013','12:30',51,'goncaloguilherme@gmail.com'),(1470,'2013-12-15 21:24:34','12/20/2013','15:00',50,'kualafunky@gmail.com'),(1471,'2013-12-15 21:25:17','12/20/2013','15:00',52,'filipaguilherme@gmail.com'),(1472,'2013-12-15 21:27:00','12/20/2013','16:00',50,'renatasantos@gmail.com'),(1473,'2013-12-15 21:41:50','12/20/2013','16:00',52,'denisepalma@gmail.com'),(1474,'2013-12-15 21:42:53','12/20/2013','16:30',50,'claudiofonseca@gmail.com'),(1475,'2013-12-15 21:44:43','12/20/2013','16:30',52,'franciscaguilherme@gmail.com'),(1476,'2013-12-15 21:57:39','12/20/2013','17:00',50,'aldinamagalhaes@gmail.com'),(1477,'2013-12-15 21:59:21','12/20/2013','17:00',52,'norbertodiolanda@gmail.com'),(1478,'2013-12-15 22:01:11','12/20/2013','18:00',50,'marianarego@gmail.com'),(1479,'2013-12-15 22:01:58','12/20/2013','18:00',52,'grazielaventura@gmail.com'),(1480,'2013-12-15 22:04:47','12/20/2013','19:30',50,'mariacristovao@gmail.com'),(1481,'2013-12-15 22:05:26','12/20/2013','19:30',52,'isabelventura@gmail.com');
/*!40000 ALTER TABLE `consultas_marcadas` ENABLE KEYS */;
UNLOCK TABLES;

--
-- Table structure for table `consultas_realizadas`
--

DROP TABLE IF EXISTS `consultas_realizadas`;
/*!40101 SET @saved_cs_client     = @@character_set_client */;
/*!40101 SET character_set_client = utf8 */;
CREATE TABLE `consultas_realizadas` (
  `id` int(11) unsigned NOT NULL AUTO_INCREMENT,
  `datetime_consulta_realizada` datetime NOT NULL,
  `valor_consulta` decimal(9,2) NOT NULL,
  `diagnostico` varchar(255) COLLATE utf8_unicode_ci NOT NULL,
  `prescricao` varchar(255) COLLATE utf8_unicode_ci NOT NULL,
  `medicos_id` int(10) unsigned NOT NULL,
  `utentes_email` varchar(255) COLLATE utf8_unicode_ci NOT NULL,
  PRIMARY KEY (`id`),
  KEY `fk_consultas_realizadas_medicos1_idx` (`medicos_id`),
  KEY `fk_consultas_realizadas_utentes1_idx` (`utentes_email`),
  CONSTRAINT `fk_consultas_realizadas_medicos1` FOREIGN KEY (`medicos_id`) REFERENCES `medicos` (`id`) ON DELETE CASCADE ON UPDATE CASCADE,
  CONSTRAINT `fk_consultas_realizadas_utentes1` FOREIGN KEY (`utentes_email`) REFERENCES `utentes` (`email`) ON DELETE CASCADE ON UPDATE CASCADE
) ENGINE=InnoDB AUTO_INCREMENT=427 DEFAULT CHARSET=utf8 COLLATE=utf8_unicode_ci;
/*!40101 SET character_set_client = @saved_cs_client */;

--
-- Dumping data for table `consultas_realizadas`
--

LOCK TABLES `consultas_realizadas` WRITE;
/*!40000 ALTER TABLE `consultas_realizadas` DISABLE KEYS */;
/*!40000 ALTER TABLE `consultas_realizadas` ENABLE KEYS */;
UNLOCK TABLES;

--
-- Table structure for table `especialidades`
--

DROP TABLE IF EXISTS `especialidades`;
/*!40101 SET @saved_cs_client     = @@character_set_client */;
/*!40101 SET character_set_client = utf8 */;
CREATE TABLE `especialidades` (
  `id` int(10) unsigned NOT NULL AUTO_INCREMENT,
  `especialidade` varchar(255) COLLATE utf8_unicode_ci NOT NULL,
  `descricao_especialidade` text COLLATE utf8_unicode_ci NOT NULL,
  `preco_consulta` decimal(5,2) NOT NULL,
  PRIMARY KEY (`id`)
) ENGINE=InnoDB AUTO_INCREMENT=16 DEFAULT CHARSET=utf8 COLLATE=utf8_unicode_ci;
/*!40101 SET character_set_client = @saved_cs_client */;

--
-- Dumping data for table `especialidades`
--

LOCK TABLES `especialidades` WRITE;
/*!40000 ALTER TABLE `especialidades` DISABLE KEYS */;
INSERT INTO `especialidades` VALUES (1,'Medicina Dentria','Medicina dentria  a rea da sade humana que estuda e trata o sistema estomatogntico - compreende a face, pescoo e cavidade bucal, abrangendo ossos, musculatura mastigatria, articulaes, dentes e tecidos.\r\n\r\nO significado de sade oral,  a ausncia de doena estomatolgica, bem como a correcta funo, estabilidade e at mesmo esttica de todo o sistema estomatogntico.  hoje certo e sabido que a sade oral tem srias implicaes na sade humana, sendo as duas indissociveis.',30.00),(2,'Ginecologia','A ginecologia literalmente significa \"a cincia da mulher\", mas na medicina  a especialidade que trata de doenas do sistema reprodutor feminino, tero, vagina e ovrios.',30.00),(3,'Otorrino','A Otorrinolaringologia  considerada uma das mais completas especialidades mdicas do mundo, com caractersticas clnicas e cirrgicas. O seu campo de actuao envolve as doenas do ouvido, do nariz e seios paranasais, faringe ,laringe e cabea e pescoo.',30.00),(4,'Pediatria','A pediatria  a especialidade mdica dedicada  assistncia  criana e ao adolescente, nos seus diversos aspectos, sejam eles preventivos (Puericultura) ou curativos. (principalmente crianas).\r\n\r\nAspectos preventivos envolvem aes como aleitamento materno, imunizaes (vacinas), preveno de acidentes, alm do acompanhamento e das orientaes necessrias a um crescimento e desenvolvimento saudveis (puericultura).\r\n\r\nOs curativos correspondem aos diversos procedimentos e tratamentos das mais diversas patologias exclusivas ou no da criana e adolescente.',40.00),(5,'Dermatologia','Dermatologia  a especialidade mdica que se ocupa do diagnstico e tratamento clnico-cirrgico das doenas que acometem o maior rgo do corpo humano  a pele, tendo em mdia 2 metros quadrados de rea em um indivduo adulto.\r\n\r\nA especialidade engloba ainda as doenas que acometem os anexos cutneos: cabelos e unhas, bem como as mucosas (ex: boca e genitais). Outra denominao  a dermatovenerologia j que a especialidade tem importante actuao no contexto das doenas sexualmente transmissveis (doenas venreas).\r\n\r\nA Dermatologia actua em todos os processos fisopatolgicos que envolvem a pele: desde simples infeces, reaes auto-imunes e inflamatrias, e tumores. A hansenologia  outra importante rea de actuao da dermatologia. Por lidar com a pele, a dermatologia  a especialidade mdica mais indicada para actuao em cosmiatria.',40.00),(6,'Alergologia','Alergologia (ou Imunoalergologia)  a especialidade da Medicina que visa o diagnstico e o tratamento das doenas alrgicas, que so as respostas exageradas do sistema imunolgico a uma substncia estranha ao organismo, uma hipersensibilidade imunolgica a um estmulo externo especfico. Os portadores de alergias so chamados de atpicos ou mais popularmente de alrgicos.',40.00),(7,'Medicina Geral','Medicina Interna ou Clnica geral,  a especialidade mdica que trata de pacientes adultos, actuando principalmente em ambiente hospitalar. Inclui o estudo das doenas de adultos, no cirrgicas, no obsttricas e no ginecolgicas, sendo a especialidade mdica a partir da qual se diferenciaram todas as outras como Cardiologia e Pneumologia.',40.00),(9,'Acunpunctura','A Acupunctura  um ramo da Medicina Tradicional Chinesa e um mtodo de tratamento considerado complementar de acordo com a nova terminologia da OMS - Organizao Mundial da Sade.\r\n\r\nSob a orientao do Dr. Rui Chico, esta especialidade milenar consiste na aplicao de agulhas, em pontos definidos do corpo, chamados de \"Pontos de Acupunctura\" ou \"Acupontos\", para obter efeito teraputico em diversas condies.\r\n\r\nOs pontos e meridianos tambm podem ser estimulados por outros tipos de tcnicas. Na verdade, os pontos de Acupunctura podem ser estimulados por agulhas, dedos (acupresso), stiper (do ingls Stimulation and Permanency - Estimulao Permanente), ventosa ou pelo aquecimento promovido por moxa ou seja longo tempo de aplicao do fogo, um basto de artemsia em brasa, que  aproximado da pele para aquecer o ponto de acupuntura, ou o mtodo de estimulao por laser.',50.00),(10,'TuiNa','Tui-N ou Tuina so os nomes pelo qual  conhecida esta massagem teraputica chinesa.\r\nAs manipulaes so usadas para estimular os pontos ou outras partes da superfcie do corpo, para corrigir o desequilibrio fisiolgico do mesmo e alcanar efeitos curativos.  uma parte muito importante da MTC. Na China antiga, a terapia era classificada em: medicina interna e medicina externa; o Tuin est includo na primeira.\r\n\r\nO Tuina pode ser usado para tratar vrias disfunes, entre as quais leses dos tecidos moles, neurologia, os cinco rgos dos sentidos, pediatria, etc.  especialmente satisfatrio para pacientes infantis e idosos. No presente, entretanto, o Tuin chins est dividido em vrios ramos, tais como: adulto, infantil, ortopedia e traumatologia, cosmetologia, preveno da sade, reabilitao, medicina desportiva e assim por diante.\r\n\r\nO Tuina Adulto  tradicionalmente usado para tratar diversos problemas de sade, como: espondilopatia cervical, estiramento lombar, prolapso do disco intervertebral lombar, estiramento lombar agudo, artrite reumatide, hipertenso e sequelas da apoplexia.',50.00),(12,'Podologia','A Podologia  a disciplina que se dedica ao estudo dos ps do ponto de vista da sua anatomia e patologia. Est integrada noutras disciplinas, como a cirurgia, a ortopedia, a fisioterapia e a dermatologia entre outras.',35.00),(13,'Nutrio','A consulta de nutrio abrange inmeras reas de interveno, permitindo aplicar a dietoterapia em todas as patologias que exijam cuidados nutricionais e dietticos adaptados a cada situao especfica, contribuindo para a sade e bem-estar do indivduo.',45.00),(14,'Neurocirurgia','Neurocirurgia  a especialidade que se ocupa do tratamento de do e (como, doenas vasculares, degenerativas, traumas cranio-enceflicos e raqui-medulares passveis de abordagem. Recentemente, tambm passou a tratar da substituio de rgos sensoriais (olho e ouvido interno) disfuncionais por dispositivos artificiais.',55.00),(15,'Terapia da Fala','A Terapia da fala,  a cincia que tem como objecto de estudo a comunicao humana. No apenas os distrbios da linguagem so do seu interesse, como tambm o modo de comunicao sdio e eficaz.',35.00);
/*!40000 ALTER TABLE `especialidades` ENABLE KEYS */;
UNLOCK TABLES;

--
-- Table structure for table `horarios`
--

DROP TABLE IF EXISTS `horarios`;
/*!40101 SET @saved_cs_client     = @@character_set_client */;
/*!40101 SET character_set_client = utf8 */;
CREATE TABLE `horarios` (
  `id` int(11) NOT NULL AUTO_INCREMENT,
  `descricao_horario` varchar(45) COLLATE utf8_unicode_ci NOT NULL,
  PRIMARY KEY (`id`)
) ENGINE=InnoDB AUTO_INCREMENT=3 DEFAULT CHARSET=utf8 COLLATE=utf8_unicode_ci;
/*!40101 SET character_set_client = @saved_cs_client */;

--
-- Dumping data for table `horarios`
--

LOCK TABLES `horarios` WRITE;
/*!40000 ALTER TABLE `horarios` DISABLE KEYS */;
INSERT INTO `horarios` VALUES (1,'Manh'),(2,'Tarde');
/*!40000 ALTER TABLE `horarios` ENABLE KEYS */;
UNLOCK TABLES;

--
-- Table structure for table `medicos`
--

DROP TABLE IF EXISTS `medicos`;
/*!40101 SET @saved_cs_client     = @@character_set_client */;
/*!40101 SET character_set_client = utf8 */;
CREATE TABLE `medicos` (
  `id` int(10) unsigned NOT NULL AUTO_INCREMENT,
  `primeiro_nome` varchar(100) COLLATE utf8_unicode_ci NOT NULL,
  `ultimo_nome` varchar(100) COLLATE utf8_unicode_ci NOT NULL,
  `email` varchar(255) COLLATE utf8_unicode_ci NOT NULL,
  `contacto_tel` varchar(45) COLLATE utf8_unicode_ci NOT NULL,
  `foto` varchar(45) COLLATE utf8_unicode_ci NOT NULL,
  `especialidades_id` int(10) unsigned NOT NULL,
  `horarios_id` int(11) NOT NULL,
  `salario_mensal` decimal(7,2) NOT NULL,
  PRIMARY KEY (`id`),
  KEY `fk_medicos_especialidades1_idx` (`especialidades_id`),
  KEY `fk_medicos_horarios1_idx` (`horarios_id`),
  CONSTRAINT `fk_medicos_especialidades1` FOREIGN KEY (`especialidades_id`) REFERENCES `especialidades` (`id`) ON DELETE CASCADE ON UPDATE CASCADE,
  CONSTRAINT `fk_medicos_horarios1` FOREIGN KEY (`horarios_id`) REFERENCES `horarios` (`id`) ON DELETE CASCADE ON UPDATE CASCADE
) ENGINE=InnoDB AUTO_INCREMENT=54 DEFAULT CHARSET=utf8 COLLATE=utf8_unicode_ci;
/*!40101 SET character_set_client = @saved_cs_client */;

--
-- Dumping data for table `medicos`
--

LOCK TABLES `medicos` WRITE;
/*!40000 ALTER TABLE `medicos` DISABLE KEYS */;
INSERT INTO `medicos` VALUES (1,'Carlos','Ribeiro','carlos@ribeiro.com','917866545','android.png',3,2,890.00),(2,'Filipe','Sousa','filipe@sousa.com','965765676','android.png',4,1,890.00),(3,'Jos','Fonseca','jose@fonseca','932653768','android.png',1,1,1110.00),(4,'Vitor','Pereira','vitor@pereira','912345625','android.png',2,2,745.00),(5,'Pedro','Pinto','pedro@pinto','912344556','android.png',1,1,987.00),(6,'Mariana','Monteiro','mariana@monteiro.com','914562765','android.png',2,2,1230.00),(7,'Judite','Sousa','judite@sousa.com','934526516','android.png',2,1,987.00),(8,'Ceclia','Pimentel','cecilia9@pimentel.com','912344321','android.png',1,2,2490.00),(9,'Lus','Serro','luis@serrao.com','962453454','android.png',1,2,1000.00),(10,'Olga','Dias','olga@dias.com','923212345','android.png',3,1,470.00),(11,'Catarina','Vasconcelos','catarina@vasconcelos','962451546','android.png',4,1,876.00),(12,'Sandra','Rocha','sandra@rocha.com','921187178','android.png',4,2,1900.00),(13,'Jos','Ribeiro','jose@ribeiro.com','912454489','android.png',3,2,2060.00),(14,'Hlder','Marques','helder@marques.com','918575785','android.png',4,2,796.00),(15,'Vasco','Rebelo','vasco@rebelo.com','964315747','android.png',5,2,1946.00),(16,'Nuno','Correia','nuno@correia.com','932542547','android.png',3,1,1972.00),(17,'Manuel','Santos','manuel@santos.com','962567276','android.png',6,1,976.00),(18,'Alberto','Gameiro','alberto@gameiro.com','932677678','android.png',2,1,679.00),(20,'Joaquim','Ruivo','joaquim@ruivo.com','912875287','android.png',5,1,981.00),(21,'Sara','Tavares','sara@tavares.com','935425479','android.png',5,1,982.00),(22,'Maria','Matos','maria@matos.com','912764647','android.png',5,2,1000.00),(23,'Isabel','Pinto','isabel@pinto.com','932654165','android.png',6,1,957.00),(24,'Aldina','Almeida','aldina@almeida.com','912657578','android.png',6,2,896.00),(25,'Slvia','Neves','silvia@neves.com','968758758','android.png',6,2,1089.00),(26,'Jos','Serra','jose@serra.com','917858789','android.png',7,1,912.00),(27,'Jlio','Neves','julio@neves.com','932677878','android.png',7,2,1062.00),(28,'Francisca','Saramago','francisca@saramago.com','918758758','android.png',7,2,1908.00),(29,'Maria','Celeste','maria@celeste.com','932786876','android.png',7,1,908.00),(30,'Eugnia','Barradas','eugenia@barradas.com','919698999','android.png',9,1,789.00),(31,'Maria','Melo','maria@melo.com','932089070','android.png',9,1,1008.00),(32,'Antnio','Contente','antonio@contente.com','916542858','android.png',9,2,1934.00),(33,'Jorge','Ferro','jorge@ferrao.com','923767868','android.png',9,2,1023.00),(34,'Carlos','Gonalves','carlos@goncalves.com','968758758','android.png',10,1,1029.00),(35,'Carla','Silva','carla@silva.com','921767969','android.png',10,2,987.00),(36,'Salete','Nobre','salete@nobre.com','968587588','android.png',10,1,950.00),(37,'Isabel','Fonseca','isabel@fonseca.com','936752858','android.png',10,2,945.00),(38,'Joo','Figueiredo','joao@figueiredo.com','918585758','android.png',12,1,879.00),(39,'Artur','Aires','artur@aires.com','936542564','android.png',12,2,879.00),(40,'Fernando','Machado','fernando@machado.com','927868768','android.png',12,1,1092.00),(41,'Manuela','Moraguedes','manuela@moraguedes.com','918788578','android.png',12,2,1450.00),(42,'Frederico','Figueiredo','frederico@figueiredo.com','923868788','android.png',13,1,1200.00),(43,'Joana','Sintra','joana@sintra.com','967576474','android.png',13,2,978.00),(44,'Ricardo','Feijoeiro','ricardo@feijoeiro.com','918658758','android.png',13,1,917.00),(45,'Jacinto','Nunes','jaciento@nunes.com','926758768','android.png',13,2,670.00),(46,'Herman','Sousa','herman@sousa.com','912763786','android.png',14,1,1809.00),(47,'Sara','Varela','sara@varela.com','974747646','android.png',14,2,2050.00),(48,'Diogo','Mendes','diogo@mendes.com','918658758','android.png',14,1,987.00),(49,'Daniela','Pereira','daniela@pereira.com','932796969','android.png',15,1,1972.00),(50,'Vernica','Pereira','veronica@pereira.com','916776577','android.png',15,2,1000.00),(51,'Lusa','Almeida','luisa@almeida.com','965657577','android.png',15,1,987.00),(52,'Carla','Dias','carla@dias.com','918587875','android.png',15,2,879.00),(53,'Paulo','Bento','paulinho@bento.com','923452617','android.png',14,2,971.00);
/*!40000 ALTER TABLE `medicos` ENABLE KEYS */;
UNLOCK TABLES;

--
-- Table structure for table `medicos_administracao_de_consultas`
--

DROP TABLE IF EXISTS `medicos_administracao_de_consultas`;
/*!40101 SET @saved_cs_client     = @@character_set_client */;
/*!40101 SET character_set_client = utf8 */;
CREATE TABLE `medicos_administracao_de_consultas` (
  `id` int(10) unsigned NOT NULL AUTO_INCREMENT,
  `username` varchar(50) COLLATE utf8_unicode_ci NOT NULL,
  `password` varchar(100) COLLATE utf8_unicode_ci NOT NULL,
  `datetime_ultimo_login` datetime NOT NULL,
  `medicos_id` int(10) unsigned NOT NULL,
  PRIMARY KEY (`id`,`username`),
  KEY `fk_medicos_administracao_de_consultas_medicos1_idx` (`medicos_id`),
  CONSTRAINT `fk_medicos_administracao_de_consultas_medicos1` FOREIGN KEY (`medicos_id`) REFERENCES `medicos` (`id`) ON DELETE CASCADE ON UPDATE CASCADE
) ENGINE=InnoDB AUTO_INCREMENT=53 DEFAULT CHARSET=utf8 COLLATE=utf8_unicode_ci;
/*!40101 SET character_set_client = @saved_cs_client */;

--
-- Dumping data for table `medicos_administracao_de_consultas`
--

LOCK TABLES `medicos_administracao_de_consultas` WRITE;
/*!40000 ALTER TABLE `medicos_administracao_de_consultas` DISABLE KEYS */;
INSERT INTO `medicos_administracao_de_consultas` VALUES (1,'doctor_1','secret','2013-12-16 02:53:52',1),(2,'doctor_2','secret','2013-12-15 19:06:55',2),(3,'doctor_3','secret','2013-12-16 01:10:58',3),(4,'doctor_4','secret','2013-12-10 17:13:39',4),(5,'doctor_5','secret','2013-11-28 12:09:31',5),(6,'doctor_6','secret','2013-11-28 12:09:31',6),(7,'doctor_7','secret','2013-11-28 12:09:31',7),(8,'doctor_8','secret','2013-11-28 12:09:31',8),(9,'doctor_9','secret','2013-11-28 12:09:31',9),(10,'doctor_10','secret','2013-11-28 12:09:31',10),(11,'doctor_11','secret','2013-11-28 12:09:31',11),(12,'doctor_12','secret','2013-12-15 14:06:49',12),(13,'doctor_13','secret','2013-12-03 11:21:04',13),(14,'doctor_14','secret','2013-12-16 02:54:15',14),(15,'doctor_15','secret','2013-11-28 12:09:31',15),(16,'doctor_16','secret','2013-11-28 12:09:31',16),(17,'doctor_17','secret','2013-11-28 12:09:31',17),(18,'doctor_18','secret','2013-11-28 12:09:31',18),(19,'doctor_20','secret','2013-11-28 12:11:03',20),(20,'doctor_21','secret','2013-12-10 17:55:10',21),(21,'doctor_22','secret','2013-11-28 12:09:32',22),(22,'doctor_23','secret','2013-11-28 12:10:43',23),(23,'doctor_24','secret','2013-11-28 12:09:32',24),(24,'doctor_25','secret','2013-11-28 12:09:32',25),(25,'doctor_26','secret','2013-11-28 12:09:32',26),(26,'doctor_27','secret','2013-11-28 12:09:32',27),(27,'doctor_28','secret','2013-11-28 12:09:32',28),(28,'doctor_29','secret','2013-11-28 12:09:32',29),(29,'doctor_30','secret','2013-11-28 12:09:32',30),(30,'doctor_31','secret','2013-11-28 12:09:32',31),(31,'doctor_32','secret','2013-11-28 12:09:32',32),(32,'doctor_33','secret','2013-11-28 12:09:32',33),(33,'doctor_34','secret','2013-11-28 12:09:32',34),(34,'doctor_35','secret','2013-11-28 12:09:32',35),(35,'doctor_36','secret','2013-11-28 12:09:32',36),(36,'doctor_37','secret','2013-11-28 12:09:32',37),(37,'doctor_38','secret','2013-11-28 12:09:32',38),(38,'doctor_39','secret','2013-11-28 12:09:32',39),(39,'doctor_40','secret','2013-11-28 12:09:32',40),(40,'doctor_41','secret','2013-11-28 12:09:33',41),(41,'doctor_42','secret','2013-11-28 12:09:33',42),(42,'doctor_43','secret','2013-12-05 11:27:20',43),(43,'doctor_44','secret','2013-11-28 12:09:33',44),(44,'doctor_45','secret','2013-11-28 12:09:33',45),(45,'doctor_46','secret','2013-11-28 12:09:33',46),(46,'doctor_47','secret','2013-11-28 12:09:33',47),(47,'doctor_48','secret','2013-11-28 12:09:33',48),(48,'doctor_49','secret','2013-11-28 12:09:33',49),(49,'doctor_50','secret','2013-11-28 12:09:33',50),(50,'doctor_51','secret','2013-11-28 12:09:33',51),(51,'doctor_52','secret','2013-11-28 12:09:33',52),(52,'doctor_53','secret','2013-11-28 12:09:33',53);
/*!40000 ALTER TABLE `medicos_administracao_de_consultas` ENABLE KEYS */;
UNLOCK TABLES;

--
-- Table structure for table `questoes_online`
--

DROP TABLE IF EXISTS `questoes_online`;
/*!40101 SET @saved_cs_client     = @@character_set_client */;
/*!40101 SET character_set_client = utf8 */;
CREATE TABLE `questoes_online` (
  `id` int(10) unsigned NOT NULL AUTO_INCREMENT,
  `nome` varchar(55) COLLATE utf8_unicode_ci NOT NULL,
  `email` varchar(100) COLLATE utf8_unicode_ci NOT NULL,
  `mensagem` text COLLATE utf8_unicode_ci NOT NULL,
  `datetime_questao` datetime NOT NULL,
  PRIMARY KEY (`id`)
) ENGINE=InnoDB AUTO_INCREMENT=10 DEFAULT CHARSET=utf8 COLLATE=utf8_unicode_ci;
/*!40101 SET character_set_client = @saved_cs_client */;

--
-- Dumping data for table `questoes_online`
--

LOCK TABLES `questoes_online` WRITE;
/*!40000 ALTER TABLE `questoes_online` DISABLE KEYS */;
INSERT INTO `questoes_online` VALUES (1,'Joana Caetano','juju@caetano.com','Porque  que o nosso planeta se chama terra e no gua?','2013-11-11 22:22:46'),(5,'Pedro Fonseca','pedro@fonseca.com','Qual o tamanho do Universo?','2013-11-15 22:02:57'),(6,'Francisco Costa','frxp@costa.com','Reparei no que fazem com as laranjas,.. se eu levar uma vaca, tiram-lhe o leite?','2013-12-01 21:09:05'),(7,'Daniela Pereira','daniela@pereira.com','Mudem o nome da vossa clnica por favor...','2013-12-07 15:59:20'),(8,'Felizberta Fonseca','felizberta@gmail.com','A que horas esto abertos aos feriados?','2013-12-11 12:37:42'),(9,'Rute Marlene','rute@marlene.com','A luz da dispensa est acesa?','2013-12-15 12:52:26');
/*!40000 ALTER TABLE `questoes_online` ENABLE KEYS */;
UNLOCK TABLES;

--
-- Table structure for table `utentes`
--

DROP TABLE IF EXISTS `utentes`;
/*!40101 SET @saved_cs_client     = @@character_set_client */;
/*!40101 SET character_set_client = utf8 */;
CREATE TABLE `utentes` (
  `email` varchar(255) COLLATE utf8_unicode_ci NOT NULL,
  `primeiro_nome` varchar(100) COLLATE utf8_unicode_ci NOT NULL,
  `ultimo_nome` varchar(100) COLLATE utf8_unicode_ci NOT NULL,
  `morada` varchar(255) COLLATE utf8_unicode_ci NOT NULL,
  `contacto_tel` varchar(45) COLLATE utf8_unicode_ci NOT NULL,
  `datetime_registo` datetime NOT NULL,
  PRIMARY KEY (`email`)
) ENGINE=InnoDB DEFAULT CHARSET=utf8 COLLATE=utf8_unicode_ci;
/*!40101 SET character_set_client = @saved_cs_client */;

--
-- Dumping data for table `utentes`
--

LOCK TABLES `utentes` WRITE;
/*!40000 ALTER TABLE `utentes` DISABLE KEYS */;
INSERT INTO `utentes` VALUES ('aldinamagalhaes@gmail.com','Aldina','Magalhes','Rua da Aldina Magalhes N45','918918918','2013-12-15 21:57:39'),('alicemartins@gmail.com','Alice','Martins','Rua da Alice Martins N4','918918918','2013-12-15 23:25:22'),('anafaria@gmail.com','Ana','Faria','Rua da Ana Faria N89','965165165','2013-12-15 23:08:14'),('angelalino@gmail.com','ngela','Lino','Rua da ngela Lino N3','967516516','2013-12-15 23:40:53'),('barbaraguimaraes@gmail.com','Brbara','Guimares','Rua da Brbara Guimares N12','965167516','2013-12-15 23:45:02'),('claudiofonseca@gmail.com','Cludio','Fonseca','Rua do Cludio Fonseca N28','918918198','2013-12-15 21:42:53'),('cristinafernandes@gmail.com','Cristina','Fernandes','Rua da Cristina Fernandes N28','969872879','2013-12-15 23:00:44'),('cristinafragoso@gmail.com','Cristina','Fragoso','Rua da Cristina Fragoso N98','967167161','2013-12-15 23:43:12'),('danielaoliveira@gmail.com','Daniela','Oliveira','Rua da Daniela Oliveira N89','918918918','2013-12-15 21:15:38'),('denisepalma@gmail.com','Denise','Palma','Rua da Denise Palma N2','918918198','2013-12-15 21:41:50'),('elisabetesantos@gmail.com','Elisabete','Santos','Rua da Elisabete Santos N3','916872672','2013-12-15 23:26:58'),('emiliacordoval@gmail.com','Emlia','Cordoval','Rua da Emlia Cordoval','918298272','2013-12-15 23:09:38'),('filipaguilherme@gmail.com','Filipa','Guilherme','Rua da Filipa Guilherme N12','918718781','2013-12-15 21:25:17'),('filipesintra@gmail.com','Filipe','Sintra','Rua do Filipe Sintra N23','992892892','2013-12-15 20:25:21'),('franciscaguilherme@gmail.com','Francisca','Guilherme','Rua da Francisca Guilherme N19','918198198','2013-12-15 21:44:42'),('ginasantos@gmail.com','Gina','Santos','Rua da Gina Santos N34','968948478','2013-12-15 23:10:13'),('goncaloguilherme@gmail.com','Gonalo','Guilherme','Rua do Gonalo Guilherme N12','918728972','2013-12-15 21:20:51'),('grazielaventura@gmail.com','Graziela','Ventura','Rua da Graziela Ventura N2','918918198','2013-12-15 22:01:58'),('guilhermesousa@gmail.com','Guilherme','Sousa','Rua do Guilherme Sousa N27','981981981','2013-12-15 21:18:17'),('helenalencastre@gmail.com','Helena','Lencastre','Rua da Helena Lencastre N12','927167816','2013-12-15 23:14:25'),('hermanpinto@gmail.com','Herman','Pinto','Rua do Herman Pinto','919191919','2013-12-15 20:43:04'),('isabelgorjao@gmail.com','Isabel','Gorjo','Rua da Isabel Gorjo N9','964589748','2013-12-15 23:04:54'),('isabelventura@gmail.com','Isabel','Ventura','Rua da Isabel Ventura N8','967895795','2013-12-15 22:05:26'),('jacintafernandes@gmail.com','Jacinta','Fernandes','Rua da Jacinta Fernandes N8','962567256','2013-12-15 23:18:38'),('joanapinto@gmail.com','Joana','Pinto','Rua da Joana Pinto N28','919189189','2013-12-15 20:37:28'),('joaofaria@gmail.com','Joo','Faria','Rua do Joo Faria N19','918918198','2013-12-15 21:16:11'),('josemarcelo@gmail.com','Jos','Marcelo','Rua do Jos Marcelo','919191919','2013-12-15 20:39:44'),('juliaguerra@gmail.com','Jlia','Guerra','Rua da Jlia Guerra N7','964287187','2013-12-15 23:03:54'),('kualafunky@gmail.com','Kuala','Funky','Rua do Kuala Funky N1233','918298298','2013-12-15 21:24:34'),('lilianaalmeida@gmail.com','Liliana','Almeida','Rua da Liliana Almeida N9','918918198','2013-12-15 23:22:21'),('luisacordovelo@gmail.com','Lusa','Cordovelo','Rua da Lusa Cordovelo','967167816','2013-12-15 23:07:25'),('luisafarrajota@gmail.com','Luisa','Farrajota','Rua da Lusa Farrajota','964176416','2013-12-15 23:38:02'),('luisalopes@gmail.com','Lusa','Lopes','Rua da Lusa Lopes N 23','919191919','2013-12-15 20:42:37'),('madalenaroquete@gmail.com','Madalena','Roquete','Rua da Madalena Roquete','962982982','2013-12-15 23:06:17'),('manuelapintassilgo@gmail.com','Manuela','Pintassilgo','Rua da Manuela Pintassilgo N2','912762762','2013-12-15 23:29:37'),('mariacristovao@gmail.com','Maria','Cristovo','Rua da Maria Cristovo N28','969898948','2013-12-15 22:04:46'),('mariagrilo@gmail.com','Maria','Grilo','Rua da Maria Grilo N98','935728578','2013-12-15 23:08:52'),('marianarego@gmail.com','Mariana','Rego','Rua da Mariana Rego','918918198','2013-12-15 22:01:11'),('mariasilva@gmail.com','Maria','Silva','Rua da Maria Silva N19','919191919','2013-12-15 20:41:48'),('norbertodiolanda@gmail.com','Norberto','Diolanda','Rua do Norberto Diolanda N18','918918918','2013-12-15 21:58:17'),('paulacristina@gmail.com','Paula','Cristina','Rua da Paula Cristina N8','968847987','2013-12-15 23:01:50'),('raquelcosta@gmail.com','Raquel','Costa','Rua da Raquel Costa N6','961786176','2013-12-15 23:24:33'),('renatasantos@gmail.com','Renata','Santos','Rua da Renata Santos N28','918918918','2013-12-15 21:26:59'),('ritapereira@gmail.com','Rita','Pereira','Rua da Rita Pereira N6','926541541','2013-12-15 23:44:24'),('rosaguimaraes@gmail.com','Rosa','Guimares','Rua da Rosa Guimares N298','967861876','2013-12-15 23:30:49'),('ruinunes@gmail.com','Rui','Nunes','Rua do Rui Nunes N19','919189189','2013-12-15 21:13:52'),('saraantunes@gmail.com','Sara','Antunes','Rua da Sara Antunes N23','929292929','2013-12-15 20:24:45'),('sofiasimoes@gmail.com','Sofia','Simes','Rua da Sofia Simes N8','961761716','2013-12-15 23:28:37'),('soniafeliz@gmail.com','Snia','Feliz','Rua da Snia Feliz N28','929829829','2013-12-15 21:14:37'),('soraiachaves@gmail.com','Soraiva','Chaves','Rua Soraia Chaves N6','967168167','2013-12-15 23:43:46'),('teresacarmona@gmail.com','Teresa','Carmona','Rua da Teresa Carmona N9','918187228','2013-12-15 23:21:28'),('xaviergarcia@gmail.com','Xavier','Garcia','Rua do Xavier Garcia N23','918198198','2013-12-15 20:36:27');
/*!40000 ALTER TABLE `utentes` ENABLE KEYS */;
UNLOCK TABLES;

--
-- Table structure for table `vantagens`
--

DROP TABLE IF EXISTS `vantagens`;
/*!40101 SET @saved_cs_client     = @@character_set_client */;
/*!40101 SET character_set_client = utf8 */;
CREATE TABLE `vantagens` (
  `id` int(10) unsigned NOT NULL AUTO_INCREMENT,
  `titulo` varchar(255) COLLATE utf8_unicode_ci NOT NULL,
  `conteudo_vantagem` text COLLATE utf8_unicode_ci NOT NULL,
  PRIMARY KEY (`id`)
) ENGINE=InnoDB AUTO_INCREMENT=6 DEFAULT CHARSET=utf8 COLLATE=utf8_unicode_ci;
/*!40101 SET character_set_client = @saved_cs_client */;

--
-- Dumping data for table `vantagens`
--

LOCK TABLES `vantagens` WRITE;
/*!40000 ALTER TABLE `vantagens` DISABLE KEYS */;
INSERT INTO `vantagens` VALUES (1,'Mdicos e tcnicos com currculo profissional','No poderia existir qualidade de servios se no existissem as mais-valias profissionais das pessoas que fazem parte de toda esta equipa. Assim, a Clnica Mdica e Dentria do Vale do Tejo preocupou-se desde o seu incio em juntar um conjunto de mdicos e tcnicos com provas dadas, que garantem a qualidade e o bem estar daqueles que depositam a sua confiana.'),(2,'Escolha dos melhores equipamentos e materiais','Porque existe o rigor tcnico e humano na aplicao de qualquer servio prestado, a Pseudo Clnica procura para a segurana dos seus pacientes, os melhores materiais do mercado, garantindo assim a qualidade de todos os seus actos mdicos.'),(3,'Honestidade dos servios','A principal vantagem da empresa.'),(4,'Marcao rpida de consultas','Em qualquer lugar atravs de email, ou por telefone, poder marcar prviamente a sua consulta.'),(5,'Facilidades de pagamento','A Pseudo Clnica, desenvolveu solues de pagamento at 12 meses sem qualquer juro ou entrada, e tambm parcerias com as maiores entidades bancrias do pas no sentido de agelizar e oferecer um conjunto de vantagens exclusivas para os seus clientes.  \r\nContamos com excelentes condies para que possa concretizar o tratamento que tanto necessita, aliviando assim, de uma forma fcil o pagamento mensal dessa obrigao.');
/*!40000 ALTER TABLE `vantagens` ENABLE KEYS */;
UNLOCK TABLES;

--
-- Temporary table structure for view `view_consultas_do_mes_currente`
--

DROP TABLE IF EXISTS `view_consultas_do_mes_currente`;
/*!50001 DROP VIEW IF EXISTS `view_consultas_do_mes_currente`*/;
SET @saved_cs_client     = @@character_set_client;
SET character_set_client = utf8;
/*!50001 CREATE TABLE `view_consultas_do_mes_currente` (
  `id` tinyint NOT NULL,
  `datetime_confirmacao` tinyint NOT NULL,
  `data_consulta` tinyint NOT NULL,
  `hora_consulta` tinyint NOT NULL,
  `medicos_id` tinyint NOT NULL,
  `utentes_email` tinyint NOT NULL
) ENGINE=MyISAM */;
SET character_set_client = @saved_cs_client;

--
-- Temporary table structure for view `view_consultas_marcadas`
--

DROP TABLE IF EXISTS `view_consultas_marcadas`;
/*!50001 DROP VIEW IF EXISTS `view_consultas_marcadas`*/;
SET @saved_cs_client     = @@character_set_client;
SET character_set_client = utf8;
/*!50001 CREATE TABLE `view_consultas_marcadas` (
  `id` tinyint NOT NULL,
  `datetime_confirmacao` tinyint NOT NULL,
  `data_consulta` tinyint NOT NULL,
  `hora_consulta` tinyint NOT NULL,
  `medicos_id` tinyint NOT NULL,
  `especialidade` tinyint NOT NULL,
  `descricao_horario` tinyint NOT NULL,
  `utentes_email` tinyint NOT NULL
) ENGINE=MyISAM */;
SET character_set_client = @saved_cs_client;

--
-- Temporary table structure for view `view_emails_web_marketing`
--

DROP TABLE IF EXISTS `view_emails_web_marketing`;
/*!50001 DROP VIEW IF EXISTS `view_emails_web_marketing`*/;
SET @saved_cs_client     = @@character_set_client;
SET character_set_client = utf8;
/*!50001 CREATE TABLE `view_emails_web_marketing` (
  `email` tinyint NOT NULL
) ENGINE=MyISAM */;
SET character_set_client = @saved_cs_client;

--
-- Temporary table structure for view `view_historico_consultas_realizadas`
--

DROP TABLE IF EXISTS `view_historico_consultas_realizadas`;
/*!50001 DROP VIEW IF EXISTS `view_historico_consultas_realizadas`*/;
SET @saved_cs_client     = @@character_set_client;
SET character_set_client = utf8;
/*!50001 CREATE TABLE `view_historico_consultas_realizadas` (
  `id` tinyint NOT NULL,
  `datetime_consulta_realizada` tinyint NOT NULL,
  `valor_consulta` tinyint NOT NULL,
  `diagnostico` tinyint NOT NULL,
  `prescricao` tinyint NOT NULL,
  `medicos_id` tinyint NOT NULL,
  `especialidade` tinyint NOT NULL,
  `descricao_horario` tinyint NOT NULL,
  `utentes_email` tinyint NOT NULL
) ENGINE=MyISAM */;
SET character_set_client = @saved_cs_client;

--
-- Temporary table structure for view `view_medicos_num_consultas`
--

DROP TABLE IF EXISTS `view_medicos_num_consultas`;
/*!50001 DROP VIEW IF EXISTS `view_medicos_num_consultas`*/;
SET @saved_cs_client     = @@character_set_client;
SET character_set_client = utf8;
/*!50001 CREATE TABLE `view_medicos_num_consultas` (
  `primeiro_nome` tinyint NOT NULL,
  `ultimo_nome` tinyint NOT NULL,
  `N de Consultas Marcadas` tinyint NOT NULL
) ENGINE=MyISAM */;
SET character_set_client = @saved_cs_client;

--
-- Temporary table structure for view `view_nome_medicos_consultas_marcadas`
--

DROP TABLE IF EXISTS `view_nome_medicos_consultas_marcadas`;
/*!50001 DROP VIEW IF EXISTS `view_nome_medicos_consultas_marcadas`*/;
SET @saved_cs_client     = @@character_set_client;
SET character_set_client = utf8;
/*!50001 CREATE TABLE `view_nome_medicos_consultas_marcadas` (
  `primeiro_nome` tinyint NOT NULL,
  `ultimo_nome` tinyint NOT NULL
) ENGINE=MyISAM */;
SET character_set_client = @saved_cs_client;

--
-- Temporary table structure for view `view_preco_maior_ou_igual_40`
--

DROP TABLE IF EXISTS `view_preco_maior_ou_igual_40`;
/*!50001 DROP VIEW IF EXISTS `view_preco_maior_ou_igual_40`*/;
SET @saved_cs_client     = @@character_set_client;
SET character_set_client = utf8;
/*!50001 CREATE TABLE `view_preco_maior_ou_igual_40` (
  `id` tinyint NOT NULL,
  `especialidade` tinyint NOT NULL,
  `descricao_especialidade` tinyint NOT NULL,
  `preco_consulta` tinyint NOT NULL
) ENGINE=MyISAM */;
SET character_set_client = @saved_cs_client;

--
-- Temporary table structure for view `view_telemoveis_96`
--

DROP TABLE IF EXISTS `view_telemoveis_96`;
/*!50001 DROP VIEW IF EXISTS `view_telemoveis_96`*/;
SET @saved_cs_client     = @@character_set_client;
SET character_set_client = utf8;
/*!50001 CREATE TABLE `view_telemoveis_96` (
  `email` tinyint NOT NULL,
  `primeiro_nome` tinyint NOT NULL,
  `ultimo_nome` tinyint NOT NULL,
  `morada` tinyint NOT NULL,
  `contacto_tel` tinyint NOT NULL,
  `datetime_registo` tinyint NOT NULL
) ENGINE=MyISAM */;
SET character_set_client = @saved_cs_client;

--
-- Final view structure for view `view_consultas_do_mes_currente`
--

/*!50001 DROP TABLE IF EXISTS `view_consultas_do_mes_currente`*/;
/*!50001 DROP VIEW IF EXISTS `view_consultas_do_mes_currente`*/;
/*!50001 SET @saved_cs_client          = @@character_set_client */;
/*!50001 SET @saved_cs_results         = @@character_set_results */;
/*!50001 SET @saved_col_connection     = @@collation_connection */;
/*!50001 SET character_set_client      = utf8 */;
/*!50001 SET character_set_results     = utf8 */;
/*!50001 SET collation_connection      = utf8_general_ci */;
/*!50001 CREATE ALGORITHM=UNDEFINED */
/*!50013 DEFINER=`root`@`localhost` SQL SECURITY DEFINER */
/*!50001 VIEW `view_consultas_do_mes_currente` AS select `consultas_marcadas`.`id` AS `id`,`consultas_marcadas`.`datetime_confirmacao` AS `datetime_confirmacao`,`consultas_marcadas`.`data_consulta` AS `data_consulta`,`consultas_marcadas`.`hora_consulta` AS `hora_consulta`,`consultas_marcadas`.`medicos_id` AS `medicos_id`,`consultas_marcadas`.`utentes_email` AS `utentes_email` from `consultas_marcadas` where (`consultas_marcadas`.`data_consulta` between date_format(cast(now() as date),'%m/%d/%Y') and date_format(last_day(now()),'%m/%d/%Y')) order by `consultas_marcadas`.`data_consulta`,`consultas_marcadas`.`hora_consulta` */;
/*!50001 SET character_set_client      = @saved_cs_client */;
/*!50001 SET character_set_results     = @saved_cs_results */;
/*!50001 SET collation_connection      = @saved_col_connection */;

--
-- Final view structure for view `view_consultas_marcadas`
--

/*!50001 DROP TABLE IF EXISTS `view_consultas_marcadas`*/;
/*!50001 DROP VIEW IF EXISTS `view_consultas_marcadas`*/;
/*!50001 SET @saved_cs_client          = @@character_set_client */;
/*!50001 SET @saved_cs_results         = @@character_set_results */;
/*!50001 SET @saved_col_connection     = @@collation_connection */;
/*!50001 SET character_set_client      = utf8 */;
/*!50001 SET character_set_results     = utf8 */;
/*!50001 SET collation_connection      = utf8_general_ci */;
/*!50001 CREATE ALGORITHM=UNDEFINED */
/*!50013 DEFINER=`root`@`localhost` SQL SECURITY DEFINER */
/*!50001 VIEW `view_consultas_marcadas` AS select `consultas_marcadas`.`id` AS `id`,`consultas_marcadas`.`datetime_confirmacao` AS `datetime_confirmacao`,`consultas_marcadas`.`data_consulta` AS `data_consulta`,`consultas_marcadas`.`hora_consulta` AS `hora_consulta`,`consultas_marcadas`.`medicos_id` AS `medicos_id`,`especialidades`.`especialidade` AS `especialidade`,`horarios`.`descricao_horario` AS `descricao_horario`,`consultas_marcadas`.`utentes_email` AS `utentes_email` from (((`consultas_marcadas` join `medicos`) join `especialidades`) join `horarios`) where ((`medicos`.`id` = `consultas_marcadas`.`medicos_id`) and (`medicos`.`horarios_id` = `horarios`.`id`) and (`medicos`.`especialidades_id` = `especialidades`.`id`)) order by str_to_date(`consultas_marcadas`.`data_consulta`,'%m/%d/%Y'),`consultas_marcadas`.`hora_consulta` */;
/*!50001 SET character_set_client      = @saved_cs_client */;
/*!50001 SET character_set_results     = @saved_cs_results */;
/*!50001 SET collation_connection      = @saved_col_connection */;

--
-- Final view structure for view `view_emails_web_marketing`
--

/*!50001 DROP TABLE IF EXISTS `view_emails_web_marketing`*/;
/*!50001 DROP VIEW IF EXISTS `view_emails_web_marketing`*/;
/*!50001 SET @saved_cs_client          = @@character_set_client */;
/*!50001 SET @saved_cs_results         = @@character_set_results */;
/*!50001 SET @saved_col_connection     = @@collation_connection */;
/*!50001 SET character_set_client      = utf8 */;
/*!50001 SET character_set_results     = utf8 */;
/*!50001 SET collation_connection      = utf8_general_ci */;
/*!50001 CREATE ALGORITHM=UNDEFINED */
/*!50013 DEFINER=`root`@`localhost` SQL SECURITY DEFINER */
/*!50001 VIEW `view_emails_web_marketing` AS select `utentes`.`email` AS `email` from `utentes` union select `questoes_online`.`email` AS `email` from `questoes_online` order by `email` */;
/*!50001 SET character_set_client      = @saved_cs_client */;
/*!50001 SET character_set_results     = @saved_cs_results */;
/*!50001 SET collation_connection      = @saved_col_connection */;

--
-- Final view structure for view `view_historico_consultas_realizadas`
--

/*!50001 DROP TABLE IF EXISTS `view_historico_consultas_realizadas`*/;
/*!50001 DROP VIEW IF EXISTS `view_historico_consultas_realizadas`*/;
/*!50001 SET @saved_cs_client          = @@character_set_client */;
/*!50001 SET @saved_cs_results         = @@character_set_results */;
/*!50001 SET @saved_col_connection     = @@collation_connection */;
/*!50001 SET character_set_client      = utf8 */;
/*!50001 SET character_set_results     = utf8 */;
/*!50001 SET collation_connection      = utf8_general_ci */;
/*!50001 CREATE ALGORITHM=UNDEFINED */
/*!50013 DEFINER=`root`@`localhost` SQL SECURITY DEFINER */
/*!50001 VIEW `view_historico_consultas_realizadas` AS select `consultas_realizadas`.`id` AS `id`,`consultas_realizadas`.`datetime_consulta_realizada` AS `datetime_consulta_realizada`,`consultas_realizadas`.`valor_consulta` AS `valor_consulta`,`consultas_realizadas`.`diagnostico` AS `diagnostico`,`consultas_realizadas`.`prescricao` AS `prescricao`,`consultas_realizadas`.`medicos_id` AS `medicos_id`,`especialidades`.`especialidade` AS `especialidade`,`horarios`.`descricao_horario` AS `descricao_horario`,`consultas_realizadas`.`utentes_email` AS `utentes_email` from (((`consultas_realizadas` join `medicos`) join `especialidades`) join `horarios`) where ((`medicos`.`id` = `consultas_realizadas`.`medicos_id`) and (`horarios`.`id` = `medicos`.`horarios_id`) and (`especialidades`.`id` = `medicos`.`especialidades_id`)) order by `consultas_realizadas`.`datetime_consulta_realizada` desc */;
/*!50001 SET character_set_client      = @saved_cs_client */;
/*!50001 SET character_set_results     = @saved_cs_results */;
/*!50001 SET collation_connection      = @saved_col_connection */;

--
-- Final view structure for view `view_medicos_num_consultas`
--

/*!50001 DROP TABLE IF EXISTS `view_medicos_num_consultas`*/;
/*!50001 DROP VIEW IF EXISTS `view_medicos_num_consultas`*/;
/*!50001 SET @saved_cs_client          = @@character_set_client */;
/*!50001 SET @saved_cs_results         = @@character_set_results */;
/*!50001 SET @saved_col_connection     = @@collation_connection */;
/*!50001 SET character_set_client      = utf8 */;
/*!50001 SET character_set_results     = utf8 */;
/*!50001 SET collation_connection      = utf8_general_ci */;
/*!50001 CREATE ALGORITHM=UNDEFINED */
/*!50013 DEFINER=`root`@`localhost` SQL SECURITY DEFINER */
/*!50001 VIEW `view_medicos_num_consultas` AS select `medicos`.`primeiro_nome` AS `primeiro_nome`,`medicos`.`ultimo_nome` AS `ultimo_nome`,count(`consultas_marcadas`.`id`) AS `N de Consultas Marcadas` from (`medicos` join `consultas_marcadas`) where (`consultas_marcadas`.`medicos_id` = `medicos`.`id`) group by `consultas_marcadas`.`medicos_id` */;
/*!50001 SET character_set_client      = @saved_cs_client */;
/*!50001 SET character_set_results     = @saved_cs_results */;
/*!50001 SET collation_connection      = @saved_col_connection */;

--
-- Final view structure for view `view_nome_medicos_consultas_marcadas`
--

/*!50001 DROP TABLE IF EXISTS `view_nome_medicos_consultas_marcadas`*/;
/*!50001 DROP VIEW IF EXISTS `view_nome_medicos_consultas_marcadas`*/;
/*!50001 SET @saved_cs_client          = @@character_set_client */;
/*!50001 SET @saved_cs_results         = @@character_set_results */;
/*!50001 SET @saved_col_connection     = @@collation_connection */;
/*!50001 SET character_set_client      = utf8 */;
/*!50001 SET character_set_results     = utf8 */;
/*!50001 SET collation_connection      = utf8_general_ci */;
/*!50001 CREATE ALGORITHM=UNDEFINED */
/*!50013 DEFINER=`root`@`localhost` SQL SECURITY DEFINER */
/*!50001 VIEW `view_nome_medicos_consultas_marcadas` AS select distinct `medicos`.`primeiro_nome` AS `primeiro_nome`,`medicos`.`ultimo_nome` AS `ultimo_nome` from (`medicos` join `consultas_marcadas`) where (`consultas_marcadas`.`medicos_id` = `medicos`.`id`) */;
/*!50001 SET character_set_client      = @saved_cs_client */;
/*!50001 SET character_set_results     = @saved_cs_results */;
/*!50001 SET collation_connection      = @saved_col_connection */;

--
-- Final view structure for view `view_preco_maior_ou_igual_40`
--

/*!50001 DROP TABLE IF EXISTS `view_preco_maior_ou_igual_40`*/;
/*!50001 DROP VIEW IF EXISTS `view_preco_maior_ou_igual_40`*/;
/*!50001 SET @saved_cs_client          = @@character_set_client */;
/*!50001 SET @saved_cs_results         = @@character_set_results */;
/*!50001 SET @saved_col_connection     = @@collation_connection */;
/*!50001 SET character_set_client      = utf8 */;
/*!50001 SET character_set_results     = utf8 */;
/*!50001 SET collation_connection      = utf8_general_ci */;
/*!50001 CREATE ALGORITHM=UNDEFINED */
/*!50013 DEFINER=`root`@`localhost` SQL SECURITY DEFINER */
/*!50001 VIEW `view_preco_maior_ou_igual_40` AS select `especialidades`.`id` AS `id`,`especialidades`.`especialidade` AS `especialidade`,`especialidades`.`descricao_especialidade` AS `descricao_especialidade`,`especialidades`.`preco_consulta` AS `preco_consulta` from `especialidades` where ((`especialidades`.`preco_consulta` > 40) or (`especialidades`.`preco_consulta` = 40)) */;
/*!50001 SET character_set_client      = @saved_cs_client */;
/*!50001 SET character_set_results     = @saved_cs_results */;
/*!50001 SET collation_connection      = @saved_col_connection */;

--
-- Final view structure for view `view_telemoveis_96`
--

/*!50001 DROP TABLE IF EXISTS `view_telemoveis_96`*/;
/*!50001 DROP VIEW IF EXISTS `view_telemoveis_96`*/;
/*!50001 SET @saved_cs_client          = @@character_set_client */;
/*!50001 SET @saved_cs_results         = @@character_set_results */;
/*!50001 SET @saved_col_connection     = @@collation_connection */;
/*!50001 SET character_set_client      = utf8 */;
/*!50001 SET character_set_results     = utf8 */;
/*!50001 SET collation_connection      = utf8_general_ci */;
/*!50001 CREATE ALGORITHM=UNDEFINED */
/*!50013 DEFINER=`root`@`localhost` SQL SECURITY DEFINER */
/*!50001 VIEW `view_telemoveis_96` AS select `utentes`.`email` AS `email`,`utentes`.`primeiro_nome` AS `primeiro_nome`,`utentes`.`ultimo_nome` AS `ultimo_nome`,`utentes`.`morada` AS `morada`,`utentes`.`contacto_tel` AS `contacto_tel`,`utentes`.`datetime_registo` AS `datetime_registo` from `utentes` where (`utentes`.`contacto_tel` like '96%') */;
/*!50001 SET character_set_client      = @saved_cs_client */;
/*!50001 SET character_set_results     = @saved_cs_results */;
/*!50001 SET collation_connection      = @saved_col_connection */;
/*!40103 SET TIME_ZONE=@OLD_TIME_ZONE */;

/*!40101 SET SQL_MODE=@OLD_SQL_MODE */;
/*!40014 SET FOREIGN_KEY_CHECKS=@OLD_FOREIGN_KEY_CHECKS */;
/*!40014 SET UNIQUE_CHECKS=@OLD_UNIQUE_CHECKS */;
/*!40101 SET CHARACTER_SET_CLIENT=@OLD_CHARACTER_SET_CLIENT */;
/*!40101 SET CHARACTER_SET_RESULTS=@OLD_CHARACTER_SET_RESULTS */;
/*!40101 SET COLLATION_CONNECTION=@OLD_COLLATION_CONNECTION */;
/*!40111 SET SQL_NOTES=@OLD_SQL_NOTES */;

-- Dump completed on 2013-12-16  3:20:50
